source,app_name,app_id,review_id,review_title,review_text,rating,user_name,review_date,developer_response,country,extracted_at
Apple App Store,agora-ahorra-y-disfruta,1478814349,14162131989,Pésimo,"Compré a través de agora, me llamaron luego de realizar el pago para informar que no había el producto y acordamos la devolución del monto, posteriormente nunca se me fue reembolsado ni tampoco se me entregó el producto cuando estuvo en stock.",1,{'label': 'Usuaria 96'},2026-06-09 13:06:45+00:00,,pe,2026-06-16T15:55:16.694950
Apple App Store,agora-ahorra-y-disfruta,1478814349,14158835093,No se puede pagar,"Cada vez que intento agregar una tarjeta para proceder con el pago me sale un mensaje de error, y este inconveniente lo vengo presentando desde el año pasado y nadie me da solución, al inicio funcionaba bien pero ya no, las actualizaciones en vez de mejorar lo empeoraron.",1,{'label': 'Jorge086'},2026-06-08 15:52:31+00:00,,pe,2026-06-16T15:55:16.694950
Apple App Store,agora-ahorra-y-disfruta,1478814349,14158817434,Rechaza mi tarjeta,"Hace tiempo cambié de equipo de teléfono y por eso no me deja utilizar la app diciendo que mi tarjeta no está bien , pero cuando voy físicamente a plaza vea si puedo pagar",1,{'label': 'Verónica Fernández'},2026-06-08 15:47:07+00:00,,pe,2026-06-16T15:55:16.694950
Apple App Store,agora-ahorra-y-disfruta,1478814349,14148928290,La app no es buena,"Me gusta comorar por agora, pero de verdad que la aplicación funciona bastante mal. Por ejemplo, cuando quiero abrir mis pedidos la app se cierra inesperadamente.",3,{'label': 'Mikaela_ba1997'},2026-06-06 01:44:40+00:00,,pe,2026-06-16T15:55:16.694950
Apple App Store,agora-ahorra-y-disfruta,1478814349,14142018845,App no sirve,"Cambie de número y no me deja entrar a la app, intente enviar lo que me piden y que no es la misma cara dicen, luego por Whatsap igual no me ayudaron porque responde un robot, pésimo servicio",1,{'label': 'carolayyy'},2026-06-04 07:37:16+00:00,,pe,2026-06-16T15:55:16.694950
Apple App Store,agora-ahorra-y-disfruta,1478814349,14137819940,"Servicio bueno, app malisima","me gustaria que porfavor hagan un reboot de toda la app que tiene muchos errores, una de ellas es que se cierre la app a cada rato",2,{'label': 'Amadodd'},2026-06-03 04:52:47+00:00,,pe,2026-06-16T15:55:16.694950
Apple App Store,agora-ahorra-y-disfruta,1478814349,14128127728,Error al pagar con QR de la app,"Error al pagar con QR: al escanear en cualquier farmacias, el código de 4 dígitos no se genera o no carga. Por favor, solicito su ayuda para solucionar este fallo de la app. Gracias.",1,{'label': 'IngMarcoAntonio'},2026-05-31 17:40:19+00:00,,pe,2026-06-16T15:55:16.694950
Apple App Store,agora-ahorra-y-disfruta,1478814349,14125378889,Cuando ingreso a Mis pedidos me saca de la sesión,"Todo bien con la selección y compra de productos, pero cuando volvía a entrar al app para ver el estado de mi pedido, entré a Mis Pedidos desde el Menú, me sacaba y cerraba sesión, me paso hasta 4 veces",2,{'label': 'Estado de cuenta en la app'},2026-05-31 00:47:53+00:00,,pe,2026-06-16T15:55:16.694950
Apple App Store,agora-ahorra-y-disfruta,1478814349,14120955433,Muy mal aplicativo,"Lamentablemente ha sido puesto como vínculo con Plaza Vea, app no sirve para nada!!!!",1,{'label': 'atencion mala'},2026-05-29 21:30:29+00:00,,pe,2026-06-16T15:55:16.694950
Apple App Store,agora-ahorra-y-disfruta,1478814349,14076281789,La app se cierra,"Desde el día sábado 16/05 está fallando la app en varias opciones para visualizar el saldo o transferir, automáticamente se cierra la app. A pesar de desinstalar la app, persiste el inconveniente.",3,{'label': 'renzovargas'},2026-05-17 21:42:02+00:00,,pe,2026-06-16T15:55:16.694950
Apple App Store,agora-ahorra-y-disfruta,1478814349,14051033463,No funciona la app,"Al ir a carrito de compras y darle siguiente sale un mensaje de error, no me permite pagar",1,{'label': 'Marlonvs'},2026-05-11 01:38:26+00:00,,pe,2026-06-16T15:55:16.694950
Apple App Store,agora-ahorra-y-disfruta,1478814349,14036715708,MALA POST VENTA,"El app es sencillo, pero cuando hay algún inconveniente no tienen teléfono ni nada, solo un chat que a veces demora en responder y no da soluciones rápidas. Especialmente cuando se les olvida un producto o se equivocan de producto",1,{'label': 'MAXITO 2.0'},2026-05-07 03:41:08+00:00,,pe,2026-06-16T15:55:16.694950
Apple App Store,agora-ahorra-y-disfruta,1478814349,14029036533,No carga,Llevo días intentando hacer una compra en el agora shop y no carga me sale “algo inesperado ocurrió”,2,{'label': 'AnaLuisaFuentesM'},2026-05-04 23:32:54+00:00,,pe,2026-06-16T15:55:16.694950
Apple App Store,agora-ahorra-y-disfruta,1478814349,14025205580,La app no funciona,La app no funciona. Nunca llega el mensaje de validación.,1,{'label': 'Diego Gtk'},2026-05-03 21:29:04+00:00,,pe,2026-06-16T15:55:16.694950
Apple App Store,agora-ahorra-y-disfruta,1478814349,14016912810,pésima app,La app realmente funciona muy mal,1,{'label': 'anma44444'},2026-05-01 16:03:48+00:00,,pe,2026-06-16T15:55:16.694950
Apple App Store,agora-ahorra-y-disfruta,1478814349,14002161526,Malo,Desde hace semanas q no pude ingresar a la aplicación.,1,{'label': 'Elida ay'},2026-04-27 12:00:44+00:00,,pe,2026-06-16T15:55:16.694950
Apple App Store,agora-ahorra-y-disfruta,1478814349,13989746070,Una *****,Lo peor de lo peor,1,{'label': '3lNero'},2026-04-23 20:43:25+00:00,,pe,2026-06-16T15:55:16.694950
Apple App Store,agora-ahorra-y-disfruta,1478814349,13980164557,Error,"No puedo ingresar a la app, pongo mi clave y me sale error, tengo que desinstalarla y volver a instalar para que funcione. Así estoy interdiario. Por otro lado no puedo cambiar mi clave porque cuando me pide mi dni también me sale error",1,{'label': 'diego dsvils'},2026-04-21 01:51:03+00:00,,pe,2026-06-16T15:55:16.694950
Apple App Store,agora-ahorra-y-disfruta,1478814349,13958526967,Pésimo,"Para todo me sale error, escribí al wsp de ágora y sip y tengo meses sin que me resuelvan el problema",1,{'label': 'hom4r91'},2026-04-14 22:44:05+00:00,,pe,2026-06-16T15:55:16.694950
Apple App Store,agora-ahorra-y-disfruta,1478814349,13957475166,Agora shop algo inesperado ocurrio,Quiero comprar en agora shop por el descuento de 40 soles pero me sale lo siguiente desde que descargue la aplicacion “algo inesperado ocurrio el tiempo de espera ha vencido”. Es una estafa,1,{'label': 'wp29076'},2026-04-14 15:56:40+00:00,,pe,2026-06-16T15:55:16.694950
Apple App Store,agora-ahorra-y-disfruta,1478814349,13954726348,APP DEFICIENTE,"el chat de soporte no carga, información no sincera en los tiempos de entrega, demoran más de lo que indica en la App",1,{'label': 'Cristian_@'},2026-04-13 20:05:40+00:00,,pe,2026-06-16T15:55:16.694950
Apple App Store,agora-ahorra-y-disfruta,1478814349,13940197629,Pedido no entregado y cobrado,"Realice un pedido, me sale en el app como entregado y no fue así. Intento comunicarme pero al presionar el botón, solo me sale en blanco la pantalla de la conversación y no me deja escribir. No tengo cómo hacer el reclamo",1,{'label': 'pmt2989'},2026-04-09 18:27:01+00:00,,pe,2026-06-16T15:55:16.694950
Apple App Store,agora-ahorra-y-disfruta,1478814349,13936002332,Mala App,"Compro todo el tiempo en las tiendas afiliadas y me va bien pero el App es pésimo, se cierra pronto mientras estoy haciendo pedido o revisando algo Deben mejorarlo",1,{'label': 'atugusto'},2026-04-08 14:58:14+00:00,,pe,2026-06-16T15:55:16.694950
Apple App Store,agora-ahorra-y-disfruta,1478814349,13933294637,No me deja depositar de ahorro pay a Oh pay,No puedo hacer mis pagos porque no me sale su código de validación,1,{'label': 'El app necesita mejoras'},2026-04-07 19:44:17+00:00,,pe,2026-06-16T15:55:16.694950
Apple App Store,agora-ahorra-y-disfruta,1478814349,13932566508,No manda msjes de soporte,Ahora hay una gran raya blanca en toda la pantalla que no deja comunicar nada a soporte para hacer cambios o comunicarse con el ágora shopper,2,{'label': 'Dianadg88'},2026-04-07 15:27:50+00:00,,pe,2026-06-16T15:55:16.694950
Apple App Store,agora-ahorra-y-disfruta,1478814349,13912635944,Pésima App HORRIBLE,"Siempre que intento escanear el QR ya sea de Yape o Plin, nunca sirve, y siempre que entro, se demora en entrar a la aplicación.",1,{'label': 'RanmaaB'},2026-04-02 01:34:44+00:00,,pe,2026-06-16T15:55:16.694950
Apple App Store,agora-ahorra-y-disfruta,1478814349,13912625427,Fatal la ultima versión,"Todo funcionaba bien aunque lento, pero ahora ya no se puede pagar con agora, solucionen eso urgenteeee 🫠",1,{'label': 'LPBCH'},2026-04-02 01:30:17+00:00,,pe,2026-06-16T15:55:16.694950
Apple App Store,agora-ahorra-y-disfruta,1478814349,13912574459,No la instalen,"No usen ahora, no tengan cuenta, nada. Su aplicación es basura, no carga, mo deja hacer transacciones, es lenta, la tasa cada vez es menor. Es una pérdida de tiempo.",1,{'label': 'Dr. J23'},2026-04-02 01:09:23+00:00,,pe,2026-06-16T15:55:16.694950
Apple App Store,agora-ahorra-y-disfruta,1478814349,13912521555,Presenta muchas fallas,Suele tener muchas fallas,1,{'label': 'Moñita1'},2026-04-02 00:47:37+00:00,,pe,2026-06-16T15:55:16.694950
Apple App Store,agora-ahorra-y-disfruta,1478814349,13912436177,Arreglen su aplicación,"Bueno el servicio pero la aplicación no sirve en ratos, o por largas horas, dice “lo sentimos, algo ha ocurrido al cargar”",2,{'label': 'HilaryB24'},2026-04-02 00:12:05+00:00,,pe,2026-06-16T15:55:16.694950
Apple App Store,agora-ahorra-y-disfruta,1478814349,13903645382,Se cierra la aplicación. Arreglen,Estoy en un iPhone Xs Max iOS 18.7.7 y la aplicación no para de cerrarse automáticamente cada 30 o 40 segundos.,1,{'label': 'Jl20129427'},2026-03-30 14:43:08+00:00,,pe,2026-06-16T15:55:16.694950
Apple App Store,agora-ahorra-y-disfruta,1478814349,13874675919,Estafa,Hace dos días que me recargue en la aplicación 50 soles no me llegó nunca estafa total muy decepcionada,1,{'label': 'Estaaaafaaaaaa'},2026-03-22 10:58:52+00:00,,pe,2026-06-16T15:55:16.694950
Apple App Store,agora-ahorra-y-disfruta,1478814349,13868691627,No me deja pagar por QR,Toda la mañana tengo ese problema,1,{'label': 'Lmarcelot'},2026-03-20 17:28:16+00:00,,pe,2026-06-16T15:55:16.694950
Apple App Store,agora-ahorra-y-disfruta,1478814349,13847899433,Buena app,"Me encanta pagar mis compras en el extranjero con esta app, el cobro en dólares es exacto y no como los bancos tradicionales que terminan subiendo el precio en el cambio. Pero lo que me incomoda es que aún no hayan incorporado que pueda agregar mi tarjeta a Apple Pay. A veces evito pagar con la tarjeta justo porque tengo que sacar mi billetera y es más tedioso. Pero creo que una incorporación así estaría genial. Creo que es una app que puede seguir mejorando.",3,{'label': 'geceverino'},2026-03-14 17:21:00+00:00,,pe,2026-06-16T15:55:16.694950
Apple App Store,agora-ahorra-y-disfruta,1478814349,13828155532,Malo,No me deja registrar mi cuenta de agora al hacer el bio facial se queda en negro y no entra para nada,1,{'label': 'jajwwijqMxx'},2026-03-08 21:36:49+00:00,,pe,2026-06-16T15:55:16.694950
Apple App Store,agora-ahorra-y-disfruta,1478814349,13821321022,Una mierda,"Quiero mandarme dinero a mi otra cuenta porque obviamente la tasa de interés es mejor que la de Agora y sale “Algo inesperado ocurrió”. Cámbiense a EFECTIVA, tiene mejor tasa de interés y muy segura.",1,{'label': 'Cazaputas42xd'},2026-03-06 23:18:13+00:00,,pe,2026-06-16T15:55:16.694950
Apple App Store,agora-ahorra-y-disfruta,1478814349,13809818543,Aceptable,Aplicativo que sirve para realizar pagos con la billetera digital Agora PAY y con la tarjeta de débito AGORA. Cumple con lo que promete. Aplicativo utilizado en un iPhone SE2,4,{'label': 'Lienox'},2026-03-03 15:02:39+00:00,,pe,2026-06-16T15:55:16.694950
Apple App Store,agora-ahorra-y-disfruta,1478814349,13807459962,Falta mejorar,"Cuado pides tu estado de cuenta ahorramas de años anteriores solo envia hasta el año pasado. Es imposible contactarse con asesores por el chat, solo hay opciones para elegir, no hay teclado para escribir.",3,"{'label': '1237#\'\'""0'}",2026-03-02 22:06:04+00:00,,pe,2026-06-16T15:55:16.694950
Apple App Store,agora-ahorra-y-disfruta,1478814349,13791387531,No muestra El Progreso de la compra,Es muy engorroso estar haciendo login y luego ingresando a plaza vea para ver el curso del pedido. Debería de levantar un modal de notificaciones para avisar cada cambio de estado del pedido,2,{'label': 'JessyLr95'},2026-02-26 13:24:29+00:00,,pe,2026-06-16T15:55:16.694950
Apple App Store,agora-ahorra-y-disfruta,1478814349,13782895956,Dejo de servir,"Era buena al principio pero comenzó a ser lenta y colgarse despues de sus últimas actualizaciones es molesto que se cierre a cada rato, y eso de reinstalar no sirve….",1,{'label': 'Liliandrah'},2026-02-24 04:16:51+00:00,,pe,2026-06-16T15:55:16.694950
Apple App Store,agora-ahorra-y-disfruta,1478814349,13782303613,No sirve para nada,"Es de lo peor, te piden tantos requisitos y datos que estresa y lo peor es que cuando estás apurado para pagar en un mifarma solo te piden eso, es terrible la app",1,{'label': 'Dianne266'},2026-02-23 23:56:05+00:00,,pe,2026-06-16T15:55:16.694950
Apple App Store,agora-ahorra-y-disfruta,1478814349,13774568312,No puedo acceder al aplicativo,"Al instalar solo funciona 1 vez, y luego quiero acceder a la aplicación y en todo momento me sale que ” La aplicación no se encuentra disponible “ tengo que volver a instalar para que funciones solo 1 vez.",1,{'label': 'GabrielaDCC'},2026-02-21 20:03:11+00:00,,pe,2026-06-16T15:55:16.694950
Apple App Store,agora-ahorra-y-disfruta,1478814349,13773361161,Terrible app,Todo me sale error quiero comprar y me dice tenemos problemas internos,1,{'label': 'Tabita92'},2026-02-21 13:19:17+00:00,,pe,2026-06-16T15:55:16.694950
Apple App Store,agora-ahorra-y-disfruta,1478814349,13764270185,No me deja iniciar sesión,Desde que lo instale solo dos veces me dejó iniciar luego tengo que estar instalando y desinstalando para poder ingresar,2,{'label': 'Isak0399'},2026-02-18 22:59:34+00:00,,pe,2026-06-16T15:55:16.694950
Apple App Store,agora-ahorra-y-disfruta,1478814349,13748043800,App en mala condición,"Entro a la app me registro y la pantalla se pone negro no lo sé porque razón , deberían arreglarlo . Urgente",1,{'label': 'Quetyirebo'},2026-02-14 11:30:31+00:00,,pe,2026-06-16T15:55:16.694950
Apple App Store,agora-ahorra-y-disfruta,1478814349,13742486615,Falla en la compra,"Cuando quiero comprar algo en plaza vea a través de la app, no carga :( dice que pasó el tiempo de espera y en realidad no pasó ni un segundo cargando.",2,{'label': 'Usuario3268'},2026-02-12 20:46:19+00:00,,pe,2026-06-16T15:55:16.694950
Apple App Store,agora-ahorra-y-disfruta,1478814349,13737347529,Actualizar con IOS,Se cuelga el sistema del APP,1,{'label': 'guebito'},2026-02-11 11:05:31+00:00,,pe,2026-06-16T15:55:16.694950
Apple App Store,agora-ahorra-y-disfruta,1478814349,13735503918,Pésima señal,Lento súper lento,1,{'label': 'L. Navarro m'},2026-02-10 21:16:42+00:00,,pe,2026-06-16T15:55:16.694950
Apple App Store,agora-ahorra-y-disfruta,1478814349,13727876377,No entrega el código de validación de manera inmediata,"Siempre que realizo mis compras y luego de escanear el código QR debo hacer un segundo intento para recién obtenerlo y se realice el pago, esto tome en promedio 2 minutos y el tiempo es más que incómodo,",1,{'label': 'Renzofrancisco'},2026-02-08 18:05:54+00:00,,pe,2026-06-16T15:55:16.694950
Apple App Store,agora-ahorra-y-disfruta,1478814349,13724114377,Pésimo,"Todo mal, no lo recomiendo.",1,{'label': 'Sebastián208'},2026-02-07 18:13:04+00:00,,pe,2026-06-16T15:55:16.694950
Apple App Store,agora-ahorra-y-disfruta,1478814349,13676727964,Delivery limitadísimo y pocas opciones de tiendas.,"Vivo cerca al Óvalo de Santa Anita, pero esta app no despacha hasta mi casa, he cambiado la dirección de entrega para acercarla más al Óvalo, pero solo me sale Makro como tienda disponible. Hasta Rappi te despacha cualquier cosa del Óvalo a tu casa, no se pasen, por último, pongan un mínimo de compra, que inútiles son.",1,{'label': 'Alexo1901'},2026-01-26 04:53:45+00:00,,pe,2026-06-16T15:55:16.694950
Apple App Store,agora-ahorra-y-disfruta,1478814349,13651682457,App de muchos bugs,"El problema del envío por Yape o plin. Ingreso el número y el monto a enviar y luego me cierra sesión. Elimino el app y nuevamente me logeo y verifico mi cuenta (me toma 5min) e intento de nuevo, pero sigo con el problema. No hay soporte quien pueda ayudarte.",1,{'label': 'Ulises Gallegos'},2026-01-19 13:13:53+00:00,,pe,2026-06-16T15:55:16.694950
Apple App Store,agora-ahorra-y-disfruta,1478814349,13645416269,TARIFA ABUSIVA,"SE PASAN DE ABUSIVOS, YA ERA BASTANTE QUE COBREN 7.50 EN PAGO EFECTIVO CUANDO LO NORMAL ES 3.90 A MÁXIMO 5 Y USTEDES AHORA COBRAN 10 SOLES, DE VERDAD QUE SE PASARON, BAJEN ESE PRECIO, NO ME DEJAN USAR MI AGORA COMO ANTES, SOLO PERJUDICAN",2,{'label': 'renatoruales05'},2026-01-17 21:17:26+00:00,,pe,2026-06-16T15:55:16.694950
Apple App Store,agora-ahorra-y-disfruta,1478814349,13627160359,La peor app,Cambié de número hace poco y no me deja hacer pagos al agora y tampoco es que haya una manera de cambiarlo además durante mucho tiempo no me dejó retirar mi dinero que tenía puesto en mis ahorros,1,{'label': '&-@-&!/@:&-‘an'},2026-01-13 01:33:50+00:00,,pe,2026-06-16T15:55:16.694950
Apple App Store,agora-ahorra-y-disfruta,1478814349,13626322934,Cero seguridad,"Me robaron el celular y los delincuentes lograron sacar un préstamo de 20,000 soles con mucha facilidad. Es una app que no tiene nada de seguridad",1,{'label': 'Sergio Delgado 16'},2026-01-12 20:07:47+00:00,,pe,2026-06-16T15:55:16.694950
Apple App Store,agora-ahorra-y-disfruta,1478814349,13625352794,MUY MALA ATENCIÓN,"Fui a plaza vea que está ubicada en el centro cívico, me saqué una tarjeta Oh Pay! De las cuales no me sirve para hacer ningún tipo de compras, informo al personal que trabaja y no interés me toma",1,{'label': 'Atención….'},2026-01-12 14:37:06+00:00,,pe,2026-06-16T15:55:16.694950
Apple App Store,agora-ahorra-y-disfruta,1478814349,13623734110,AYUDA,Quisiera tener un número de algún trabajador para que me puedan ayudar ya que no me llegan los mensajes para recuperar mi cuenta a mi correo.,2,{'label': 'Prefiero no opinar'},2026-01-12 03:34:48+00:00,,pe,2026-06-16T15:55:16.694950
Apple App Store,agora-ahorra-y-disfruta,1478814349,13617334792,Pésimo,No llega el código de seguridad o el Sms,1,{'label': 'SuusCM'},2026-01-10 13:54:42+00:00,,pe,2026-06-16T15:55:16.694950
Apple App Store,agora-ahorra-y-disfruta,1478814349,13611325522,Jxfc,La app es muy deficiente,1,{'label': 'JazXF'},2026-01-09 00:31:36+00:00,,pe,2026-06-16T15:55:16.694950
Apple App Store,agora-ahorra-y-disfruta,1478814349,13607048604,Ni deja poner los datos bien,"La app es una basura, para poner el número de teléfono se para borrando y lo tengo que poner una y otra vez. Luego dice que mi dni no está registrado con mi número y cuenta",1,{'label': 'Jaymo684'},2026-01-07 22:00:19+00:00,,pe,2026-06-16T15:55:16.694950
Apple App Store,agora-ahorra-y-disfruta,1478814349,13605609165,Horror,"No solo el diseño es abominable, sino que funcionalmente es una patraña, se cuelga, no funciona ni con FaceID ni con Wallet, terrible la verdad.",1,{'label': 'harryeldinosaurio'},2026-01-07 13:56:49+00:00,,pe,2026-06-16T15:55:16.694950
Apple App Store,agora-ahorra-y-disfruta,1478814349,13603397892,Buena y útil,La app es sencilla de usar y no he tenido problemas hasta ahora,5,{'label': 'ValeriaYL'},2026-01-06 23:14:22+00:00,,pe,2026-06-16T15:55:16.694950
Apple App Store,agora-ahorra-y-disfruta,1478814349,13588040357,Desligues sola de la cuenta,"Lo que pasa ya más de una vez entro a mi aplicación y de la nada me pide mi teléfono y contraseña de nuevo todo de cero y cuando los pongo pasa que me dice error y si me equivoco más de 3 veces se bloquea por 24 horas, eso causa cierta incertidumbre porque a veces uno quiere hacer pagos y no está el Dinero a la mano",3,{'label': 'Alvaro Chambilla'},2026-01-03 03:12:40+00:00,,pe,2026-06-16T15:55:16.694950
Apple App Store,agora-ahorra-y-disfruta,1478814349,13542781902,Account Creation so tedious,"Kyc now working properly, multiple setbacks to create a new account after i was a legacy user , cant create account and cant redeem prices app is so bad",1,{'label': 'hbusr'},2025-12-22 14:50:57+00:00,,pe,2026-06-16T15:55:16.694950
Apple App Store,agora-ahorra-y-disfruta,1478814349,13506765189,Inservible,"De un día para otro no reconoce mi usuario ni mi clave, si no fuera por la otra app que existe que es Oh! No podría acceder a mi dinero, muy mal",2,{'label': 'Zmakkflslala'},2025-12-13 00:04:59+00:00,,pe,2026-06-16T15:55:16.694950
Apple App Store,agora-ahorra-y-disfruta,1478814349,13505889170,Te cobran de la tarjeta y cancelan (anulan) el pedido,"Es realmente perjudicial que uno pida medicamentos por esta aplicación a la Farmacia Inkafarma, se cobren el monto de la tarjeta, y cancelan (anulan) el pedido y afectan el día entero y la salud de uno! porque no puedo usar ese dinero hasta cuando el banco libere la retención, o sea en tres o cuatro días, he pedido un medicamento de manera urgente y hacen eso. Con plaza vea está bien todo, pero el carácter de este pedido y que lo hayan anulado tan rápido me hace pensar que tienen bajos estándares. Además que ha sido totalmente perjudicial para mí.",1,{'label': 'JJ_all_right'},2025-12-12 18:25:49+00:00,,pe,2026-06-16T15:55:16.694950
Apple App Store,agora-ahorra-y-disfruta,1478814349,13459305581,Demasiadas notificaciones,"Aún deshabilitando las notificaciones de promociones desde los ajustes, estas siguen llegando varias veces al día",1,{'label': 'miguel velasquez portugal'},2025-11-30 15:52:11+00:00,,pe,2026-06-16T15:55:16.694950
Apple App Store,agora-ahorra-y-disfruta,1478814349,13453539430,Errores,"Buen servicio, pero la app una lágrima",2,{'label': 'Vndtt777'},2025-11-29 05:22:31+00:00,,pe,2026-06-16T15:55:16.694950
Apple App Store,agora-ahorra-y-disfruta,1478814349,13451103491,No sirve,"Pésima la app, tengo problemas para pagar y hace más de un mes que no dan una solución, el app de Tottus funciona super bien, igual que el de Wong, Agora no sirve, yo he comprado desde que iniciaron pero ahora estoy sumamente decepcionada",1,{'label': 'Anah compradora decepcionada'},2025-11-28 14:53:54+00:00,,pe,2026-06-16T15:55:16.694950
Apple App Store,agora-ahorra-y-disfruta,1478814349,13439772557,Ayuda,Me pide la validación de mi correo electrónico pero no me llega ningún código a mi correo y cuando intento enviar la app se reinicia,1,{'label': 'Abicamp96'},2025-11-25 14:53:34+00:00,,pe,2026-06-16T15:55:16.694950
Apple App Store,agora-ahorra-y-disfruta,1478814349,13421856804,Demasiados errores,"Te pone 1000 trabas cuando intentas pagar, tiene demasiados errores y siempre se repiten. Una basura.",1,{'label': 'DaniKinGo'},2025-11-20 22:07:17+00:00,,pe,2026-06-16T15:55:16.694950
Apple App Store,agora-ahorra-y-disfruta,1478814349,13413500687,No funciona,"A cada rato me dice que hubo un error en absolutamente todo. No cargan mis datos personales, no carga absolutamente nada.",1,{'label': 'Mimi889jdksjsjs'},2025-11-18 16:08:10+00:00,,pe,2026-06-16T15:55:16.694950
Apple App Store,agora-ahorra-y-disfruta,1478814349,13397207975,Pésima App,"Con cada versión desaparecen opciones, ahora ni el celular reconoce. Cada vez peor",1,{'label': 'grovervas'},2025-11-14 15:04:14+00:00,,pe,2026-06-16T15:55:16.694950
Apple App Store,agora-ahorra-y-disfruta,1478814349,13394839610,Apple Pay,Cuando estará disponible para Apple Pay?,1,{'label': 'Selenegc'},2025-11-14 00:39:49+00:00,,pe,2026-06-16T15:55:16.694950
Apple App Store,agora-ahorra-y-disfruta,1478814349,13393995311,Registro,Su aplicación no sirve me estoy intentando registrar y a la hora de recibir el codigo por mensaje no me llega ninguno.,1,{'label': 'Lfphoder'},2025-11-13 19:17:48+00:00,,pe,2026-06-16T15:55:16.694950
Apple App Store,agora-ahorra-y-disfruta,1478814349,13363799046,No puedo ingresar,"No puedo ingresar a mi cuenta desde un iPhone 16 con iOS 26.1 , la pantalla se queda cargando cuando se ingresa la clave y de ahí no pasa, pero en iPhone 8 sí está normal el funcionamiento",1,{'label': 'miguel_cam'},2025-11-06 13:08:30+00:00,,pe,2026-06-16T15:55:16.694950
Apple App Store,agora-ahorra-y-disfruta,1478814349,13362079488,Horrendo,Quiero entrar a alguna apartado y se larga y tengo que reiniciar el App . No La Descarguen,1,{'label': 'dianitapaucar'},2025-11-06 02:29:11+00:00,,pe,2026-06-16T15:55:16.694950
Apple App Store,agora-ahorra-y-disfruta,1478814349,13361886125,Falla,Se cierra después de un minuto de abrir la app y en ese tiempo no puedes hacer ningún tipo de operación. Pésimo !,1,{'label': 'BruRimache'},2025-11-06 01:13:22+00:00,,pe,2026-06-16T15:55:16.694950
Apple App Store,agora-ahorra-y-disfruta,1478814349,13343687631,Error al cargar los comercios de ágora shop,En iPhone siempre presenta problemas,1,{'label': 'Tony 12 all'},2025-11-01 19:41:49+00:00,,pe,2026-06-16T15:55:16.694950
Apple App Store,agora-ahorra-y-disfruta,1478814349,13339165504,Lenta y deficiente,"Es una app malísima, se para cayendo y demora",1,{'label': 'Alfonso0316'},2025-10-31 19:20:39+00:00,,pe,2026-06-16T15:55:16.694950
Apple App Store,agora-ahorra-y-disfruta,1478814349,13334948888,Registro,No me permite completar el registro en la app.,1,{'label': 'Xedfr'},2025-10-30 19:33:37+00:00,,pe,2026-06-16T15:55:16.694950
Apple App Store,agora-ahorra-y-disfruta,1478814349,13305676850,Práctico y bueno,"El app es muy buena, pero deben incluir wallet para iPhone, Face ID, y tener la opción de criptomonedas. Sería bueno todo eso.",4,{'label': 'jorgitoluis'},2025-10-23 23:59:41+00:00,,pe,2026-06-16T15:55:16.694950
Apple App Store,agora-ahorra-y-disfruta,1478814349,13284149270,Pésimo,Lo peor no sirve para extranjeros.,1,{'label': 'marielena gutierrez'},2025-10-18 21:56:48+00:00,,pe,2026-06-16T15:55:16.694950
Apple App Store,agora-ahorra-y-disfruta,1478814349,13283905983,Hay que renovar la aplicación,"Pésimo motor de búsqueda , se cuelga, y te engañan con las promociones",1,{'label': 'TRGG3000'},2025-10-18 20:28:54+00:00,,pe,2026-06-16T15:55:16.694950
Apple App Store,agora-ahorra-y-disfruta,1478814349,13263613657,Mal sistema,"horrible sistema, intento registrarme para tener una tarjeta de débito, y cuando me tomo foto, se pone en negro, y se queda asi, asco de sistema. nefasto",1,{'label': 'Leo20_05'},2025-10-14 02:15:26+00:00,,pe,2026-06-16T15:55:16.694950
Apple App Store,agora-ahorra-y-disfruta,1478814349,13257517653,Habilitar Face ID,"Todo funciona correcto, pero deberían habilitar Face ID para poder ingresar, así como en otras app.",4,{'label': 'Luc1f3r96'},2025-10-12 15:48:15+00:00,,pe,2026-06-16T15:55:16.694950
Apple App Store,agora-ahorra-y-disfruta,1478814349,13246628332,No carga para comprar en SHOP,Cada ves que intento ir a Shop. Me sale el menaje “Algo inesperado ocurrió”,2,{'label': 'Heal_Shambar'},2025-10-10 03:09:53+00:00,,pe,2026-06-16T15:55:16.694950
Apple App Store,agora-ahorra-y-disfruta,1478814349,13235572647,No se puede pagar con app,No se puede pagar con el saldo de tus puntos siempre que se quiere usar el app no funcionan no carga no se puede seleccionar ese saldo una tontería muy conveniente por eso ya no confianza me da usar Agora ni Oh porque ese saldo en puntos no se puede usar y lo peor es que venció aaasu,2,{'label': 'JJJJ1115'},2025-10-07 13:05:24+00:00,,pe,2026-06-16T15:55:16.694950
Apple App Store,agora-ahorra-y-disfruta,1478814349,13230254463,Pésimo servicio,"No me deja ingresar a la app, cuando quiero poner mi contraseña se traba y demora",1,{'label': '123ale$$'},2025-10-06 07:22:18+00:00,,pe,2026-06-16T15:55:16.694950
Apple App Store,agora-ahorra-y-disfruta,1478814349,13229855429,Problema al iniciar sesión en la app,"La aplicación se queda cargando en la pantalla de inicio, en la parte donde se ingresa la contraseña. He intentado cerrarla y volver a abrirla varias veces, pero no accede.",3,{'label': 'Katybs1609'},2025-10-06 04:41:42+00:00,,pe,2026-06-16T15:55:16.694950
Apple App Store,agora-ahorra-y-disfruta,1478814349,13229660739,Pésimo,"No puedo entrar a mi cuenta, la app no funciona no me permite ingresar ni cambiar la contraseña.",1,{'label': 'miguel2790'},2025-10-06 03:23:53+00:00,,pe,2026-06-16T15:55:16.694950
Apple App Store,agora-ahorra-y-disfruta,1478814349,13206719133,Una estafa total,"Si haces el pedido por la app de cualquier lado te cobran más de lo que realmente es, se reservan un monto y a pesar de que el monto final es menor, no te rebajan. Pero si el monto es mayor si te lo cobran después. No lo usen, son de lo peor😾",1,{'label': 'moon__18'},2025-09-30 23:26:25+00:00,,pe,2026-06-16T15:55:16.694950
Apple App Store,agora-ahorra-y-disfruta,1478814349,13199019649,No funciona,Ingreso mis datos y mis códigos de confirmación pero la aplicación solo me rebota a la pantalla de inicio (no puedo ingresar),1,{'label': 'MateoZ1504'},2025-09-29 05:25:25+00:00,,pe,2026-06-16T15:55:16.694950
Apple App Store,agora-ahorra-y-disfruta,1478814349,13193670619,La peor app en su tipo,"Intenté registrarme varias veces y la app no responde, se queda trabaja en el proceso. El soporte técnico me dio alternativas, ninguna funcionó. Perdí el tiempo intentándolo. No debería estar en App Store no está lista para usarse.",1,{'label': 'Ederaqp'},2025-09-27 23:12:15+00:00,,pe,2026-06-16T15:55:16.694950
Apple App Store,agora-ahorra-y-disfruta,1478814349,13193020640,Esta aplicación es una estafa no pasa nada pésima,Quiero como acumular los puntos y no puedo me sale página y mantenimiento,1,{'label': 'leumas$&@21'},2025-09-27 19:20:04+00:00,,pe,2026-06-16T15:55:16.694950
Apple App Store,agora-ahorra-y-disfruta,1478814349,13187880038,Terrible!,"El app muestra demasiados errores. No se puede iniciar sesión, no se puede añadir métodos de pago, entre otros. Uno se comunica con atención al cliente pero, lamentablemente, no está en sus manos corregir los errores del aplicativo. Solo te dicen que esperes de 5 a 7 días a que revisen el caso. Es una pérdida de tiempo. No es de extrañar que este aplicativo tenga tan baja calificación y tan malas reseñas.",1,{'label': 'Meli54901'},2025-09-26 15:54:20+00:00,,pe,2026-06-16T15:55:16.694950
Apple App Store,agora-ahorra-y-disfruta,1478814349,13132894819,PÉSIMO,"Llevo meses sin poder ingresar a mi cuenta porque ‘ha ocurrido un error inesperado’, lo peor",1,{'label': 'purizaca19'},2025-09-13 15:21:45+00:00,,pe,2026-06-16T15:55:16.694950
Apple App Store,agora-ahorra-y-disfruta,1478814349,13115230312,Muchas actualizaciones,Es un fastidio que cada que vengo al supermercado y quiero usar mi app al pagar siempre tengo que actualizarla y tarda una eternidad! Actualizan demasiado!,1,{'label': 'selenetaisgh'},2025-09-08 23:56:48+00:00,,pe,2026-06-16T15:55:16.694950
Apple App Store,agora-ahorra-y-disfruta,1478814349,13103317276,Lo mejor,Muy buena app,5,{'label': 'Luffy643'},2025-09-05 22:37:26+00:00,,pe,2026-06-16T15:55:16.694950
Apple App Store,agora-ahorra-y-disfruta,1478814349,13062511004,APP con muchas fallas,"La aplicación en ese estado no debería estar publicada. Parece una app en desarrollo, tiene bugs en la mayoría de interacciones. Genera un mala experiencia y desconfianza. Intente abrir una cuenta de ahorros y fallas por todo lado.",1,{'label': 'Badbrod'},2025-08-26 12:11:44+00:00,,pe,2026-06-16T15:55:16.694950
Apple App Store,agora-ahorra-y-disfruta,1478814349,13060957544,Se cae,Se cae justos cuando uno lo necesita es una app del cual no te puedes confiar,1,{'label': 'Martíntuuuu'},2025-08-26 01:27:04+00:00,,pe,2026-06-16T15:55:16.694950
Apple App Store,agora-ahorra-y-disfruta,1478814349,13035354467,No sirve,40 minutos intentando crear una cuenta y no se puede. Cuando en otras aplicaciones la validación de identidad es rápido y cero tediosas.,1,{'label': 'BerserkCholo'},2025-08-19 13:32:09+00:00,,pe,2026-06-16T15:55:16.694950
Apple App Store,agora-ahorra-y-disfruta,1478814349,13017167279,Pésimo,Hace más de 2 meses que no puedo hacer uso de mis recompensas. Hasta ahora no han podido solucionar el inconveniente.,1,{'label': 'Claudia Velarde'},2025-08-15 01:23:00+00:00,,pe,2026-06-16T15:55:16.694950
Apple App Store,agora-ahorra-y-disfruta,1478814349,13004895774,Horrible,"Siempre se cuelgas, cuando mas se necesita, presenta falla de “algo inesperado ocurrió” ya me ha hecho quedar mal varias veces",1,{'label': 'Ámbar22'},2025-08-12 00:47:15+00:00,,pe,2026-06-16T15:55:16.694950
Apple App Store,agora-ahorra-y-disfruta,1478814349,13003986030,Problemas con la app,"Me registro, ingreso, salgo, me vuelve a pedir registrarme y luego ya no deja avanzar en los siguientes pasos..",1,{'label': 'Edwinjfv'},2025-08-11 18:58:10+00:00,,pe,2026-06-16T15:55:16.694950
Apple App Store,agora-ahorra-y-disfruta,1478814349,12996386052,Una descripción,No me permite eliminar mi cuenta,1,{'label': 'Amoraless'},2025-08-09 20:33:12+00:00,,pe,2026-06-16T15:55:16.694950
Apple App Store,agora-ahorra-y-disfruta,1478814349,12984755918,App mal desarrollada,"El servicio es muy bueno, pero la app falla constantemente y no hay un respaldo y soporte que estén a la altura. Soy cliente frecuente y no recibí ningún apoyo para solucionar los problemas que tenía con mis pedidos.",2,{'label': 'Daniela L A'},2025-08-06 22:49:31+00:00,,pe,2026-06-16T15:55:16.694950
Apple App Store,agora-ahorra-y-disfruta,1478814349,12984268121,Pésima app y no me dieron solución,"Pésima app. Cuando quise transferir mi propio dinero de mi Agora a mi Plin, no me permitió, me botaba varias veces “Algo inesperado ocurrió. Estamos trabajando para solucionarlo”. En el WhatsApp de Agora esperé solución, pero fue tiempo perdido y no me contestaba un ser humano real. Además, cada respuesta que me daban demoraba casi 15 minutos. Todo mal y aún no recibo la devolución de mi dinero.",1,{'label': 'Usuari@ inconforme'},2025-08-06 19:47:01+00:00,,pe,2026-06-16T15:55:16.694950
Apple App Store,agora-ahorra-y-disfruta,1478814349,12974879215,Falla por actualización,Desde la actualización después de seleccionar tres o cuatro productos se pone una pantalla grisácea que me impide seguir avanzando y tengo que cerrar y volver a abrir para continuar. Pésimo.,2,{'label': 'Edulop18'},2025-08-04 13:21:59+00:00,,pe,2026-06-16T15:55:16.694950
Apple App Store,agora-ahorra-y-disfruta,1478814349,12972727902,Mal,Hasta el quedo la actualización,5,{'label': 'Yiso21'},2025-08-03 23:19:42+00:00,,pe,2026-06-16T15:55:16.694950
Apple App Store,agora-ahorra-y-disfruta,1478814349,12969258907,Pésimo app,"El servicio y atención es buena pero el aplicativo es muy malo. Me pidieron actualizar el app y ahora está peor, es una pena que tenga que usar otro app para comprar. Agrego productos y no se guardan en el carrito, imposible comprar, perdí el tiempo.",1,{'label': 'Gabi carrillo'},2025-08-03 02:27:44+00:00,,pe,2026-06-16T15:55:16.694950
Apple App Store,agora-ahorra-y-disfruta,1478814349,12965653654,No dan solución,El producto es interesante y bueno pero no te brindan soluciones para recuperar tu cuenta Casi 1 año y sigo sin obtener alguna respuesta,1,{'label': 'Junior15304'},2025-08-02 04:39:36+00:00,,pe,2026-06-16T15:55:16.694950
Apple App Store,agora-ahorra-y-disfruta,1478814349,12938669691,Error,"Hay un error con el app, no me deja agregar nada al carrito",1,{'label': 'Gretasm21'},2025-07-26 13:20:20+00:00,,pe,2026-06-16T15:55:16.694950
Apple App Store,agora-ahorra-y-disfruta,1478814349,12922907935,Mala,Esta applicacion no está bien diseñada para ios solo me deja entrar eliminando cada vez la aplicación porque caso contrario me pide autenticar y luego validar y no se puede ingresar eliminando soporte de la app ha caducado y no dan solución,1,{'label': 'Luismaui'},2025-07-22 14:58:21+00:00,,pe,2026-06-16T15:55:16.694950
Apple App Store,agora-ahorra-y-disfruta,1478814349,12920173543,Pésimo,Cada que quiero iniciar sesión con mis credenciales dicen que no existe y depuse cuando quiero registrarme me sale que ya está existe el usuario total decídanse si sí o si no,1,{'label': 'Erlinni'},2025-07-21 22:20:54+00:00,,pe,2026-06-16T15:55:16.694950
Apple App Store,agora-ahorra-y-disfruta,1478814349,12892172415,Como concepto bien pero…,"La aplicación está muy mal desarrollada. El uso de webviews hace la experiencia pésima, además que varias cosas funcional mal, como las notificaciones, cambios de contraseña, etc",1,{'label': 'jflavio11'},2025-07-14 21:53:52+00:00,,pe,2026-06-16T15:55:16.694950
Apple App Store,agora-ahorra-y-disfruta,1478814349,12883789667,NO AHORRAR!No utilizar para montos altos !!!,"Se bloqueo la cuenta, encima no cuenta con reconocimiento facial y me sale como si no existiera mi cuenta, fatal la App la idea era buena .",1,{'label': 'AngelHñ1215'},2025-07-12 17:32:06+00:00,,pe,2026-06-16T15:55:16.694950
Apple App Store,agora-ahorra-y-disfruta,1478814349,12863524951,No me puedo registrar,"No Me puedo registrar a la app, cada que escanea mi DNI se queda en pantalla negra.",1,{'label': 'Arlexitop'},2025-07-07 14:59:59+00:00,,pe,2026-06-16T15:55:16.694950
Apple App Store,agora-ahorra-y-disfruta,1478814349,12820949562,Terrible app,Se cae a cada rato y no deja hacer operaciones,1,{'label': 'VictorAAbarca'},2025-06-26 21:24:37+00:00,,pe,2026-06-16T15:55:16.694950
Apple App Store,agora-ahorra-y-disfruta,1478814349,12810006812,No está optimizado para IOS,"Falla todo, desde el reconocimiento facial, hasta la ubicación.",1,{'label': 'Consumidor 2025'},2025-06-24 02:29:33+00:00,,pe,2026-06-16T15:55:16.694950
Apple App Store,agora-ahorra-y-disfruta,1478814349,12802098564,No hay Inkafarma,"Desde hace 1 mes no me figura la tienda virtual de inkafarma, quiero realizar compras y solo me figura plaza vea y promart. Deberian poner mas cupones ya no ponen …",3,{'label': 'Zeladabei'},2025-06-21 23:46:18+00:00,,pe,2026-06-16T15:55:16.694950
Apple App Store,agora-ahorra-y-disfruta,1478814349,12800926750,No puedo descargar la nueva versión,Me solicita actualizar pero no se puede,3,{'label': 'MiliRocio27'},2025-06-21 16:22:22+00:00,,pe,2026-06-16T15:55:16.694950
Apple App Store,agora-ahorra-y-disfruta,1478814349,12796762771,No deja realizar operaciones,Demora demasiado y no envía el código para hacer un depósito o pago,2,{'label': 'Migceli'},2025-06-20 14:59:39+00:00,,pe,2026-06-16T15:55:16.694950
Apple App Store,agora-ahorra-y-disfruta,1478814349,12794150215,Muy malo,Muchas veces sale error y servicio al cliente del app no sabe qué hacer y además se pierden los pedidos cuando ya fueron pagados.,1,{'label': 'Hoy2005'},2025-06-19 21:44:41+00:00,,pe,2026-06-16T15:55:16.694950
Apple App Store,agora-ahorra-y-disfruta,1478814349,12779301002,Malo,Muy difícil la navegación,1,{'label': '098LeoC'},2025-06-16 00:52:50+00:00,,pe,2026-06-16T15:55:16.694950
Apple App Store,agora-ahorra-y-disfruta,1478814349,12769732653,Meses q falla,Me sale error y no puedo hacer ningun movimiento,1,{'label': 'No se puede actualiza'},2025-06-13 14:39:39+00:00,,pe,2026-06-16T15:55:16.694950
Apple App Store,agora-ahorra-y-disfruta,1478814349,12768095532,Es muy buena,Me encanta,5,{'label': 'bangles21'},2025-06-13 03:51:55+00:00,,pe,2026-06-16T15:55:16.694950
Apple App Store,agora-ahorra-y-disfruta,1478814349,12767172794,Mala aplicación,"No puedo conectar mi tarjeta de crédito , siempre sale que está cargando … ni bien acabe mi pago de cuotas me retiro.",1,{'label': 'Marco Barón Effio'},2025-06-12 21:19:26+00:00,,pe,2026-06-16T15:55:16.694950
Apple App Store,agora-ahorra-y-disfruta,1478814349,12740711164,Pésimo,"Cuando ingreso a la app me sale que me falta 1 paso para usar la app cuando ya estoy registrada, cuando logro ingresar me sale que tiene inconvenientes con la app que intenté luego pero ya llevo una semana con lo mismo no lo recomendaría para nada",5,"{'label': '_[,'}",2025-06-06 00:35:42+00:00,,pe,2026-06-16T15:55:16.694950
Apple App Store,agora-ahorra-y-disfruta,1478814349,12740236247,HORRORES!!!,"Desde que tengo la app no la puedo usar a cada rato me sale que intenta nuevamente o lo sentimos en este momento estamos solucionando el problema, no puedo realizar mis compras una sonsera la app por más que voy a soporte no me dan solución!!!!!!!",1,{'label': 'Delperezcord'},2025-06-05 21:19:24+00:00,,pe,2026-06-16T15:55:16.694950
Apple App Store,agora-ahorra-y-disfruta,1478814349,12731665250,Terrible,No sé cuántos años tiene esta aplicación y sigue siendo un desastre! Hay que poner contraseña mil veces para poder chatear con el shopper y nunca tienen los productos que necesito. La voy a desinstalar porque llevo semanas sin poder comprar porque no tienen los productos básicos.,1,{'label': 'olga ramos peru'},2025-06-03 16:06:56+00:00,,pe,2026-06-16T15:55:16.694950
Apple App Store,agora-ahorra-y-disfruta,1478814349,12724928935,Tiene mucho por mejorar,"* El app no muestra el tiempo real la ubicación del courier que lleva el pedido. * Al día de hoy, hay problemas en ver el detalle de los pedidos realizados. * Lo que cobra es diferente a lo se ve en el estado de cuenta de la tarjeta Oh! por lo que es irregular en los cobros. * Su integración con webviews de soporte no da una experiencia de usuario grata.",3,{'label': 'vsegura15dev'},2025-06-01 21:10:58+00:00,,pe,2026-06-16T15:55:16.694950
Apple App Store,agora-ahorra-y-disfruta,1478814349,12724867399,Regular,La verdad es muy lenta debería ser más fluido como la de Yape. E igual a su vez ahora se colgó y no puedo ver mi salgo ni pagar,1,{'label': '@jaar'},2025-06-01 20:47:36+00:00,,pe,2026-06-16T15:55:16.694950
Apple App Store,agora-ahorra-y-disfruta,1478814349,12720542499,Pésimo app,"Realice una compra por la app en ágora shop (plaza vea) y no llegó mi pedido completo, intento de mil maneras en ingresar a mis pedidos y sale error, insisto con soporte y no me responden. Quiero que me devuelvan el dinero que no me llegó y de tanto insistir ahora también no carga la página de soporte.",1,{'label': 'Madengh'},2025-05-31 18:54:34+00:00,,pe,2026-06-16T15:55:16.694950
Apple App Store,agora-ahorra-y-disfruta,1478814349,12720284309,no me permite registrarme,"después de la validación de dni la pantalla se pone en negro y no permite hacer nada más. lo he intentado varias veces, borrando y descargando la app pero nada funciona",1,{'label': 'nananalalala123'},2025-05-31 17:30:11+00:00,,pe,2026-06-16T15:55:16.694950
Apple App Store,agora-ahorra-y-disfruta,1478814349,12713545551,Terrible,"La aplicación no carga, rebota en cada momento. se tiene que ingresar y volver a ingresar. Es terrible",1,{'label': 'Deficientee'},2025-05-30 00:21:24+00:00,,pe,2026-06-16T15:55:16.694950
Apple App Store,agora-ahorra-y-disfruta,1478814349,12704389560,Muy malo,Siempre tengo q reclamar para q me den las recompensas… acaso es una estafa?!,1,{'label': 'がビタ'},2025-05-27 15:13:04+00:00,,pe,2026-06-16T15:55:16.694950
Apple App Store,agora-ahorra-y-disfruta,1478814349,12702213086,A ocurrido un error,"Entro, y con cualquier acción, me sale ""a ocurrido un error"", entro a pedir ayuda y no me responden.",1,{'label': 'Braomah'},2025-05-27 00:36:17+00:00,,pe,2026-06-16T15:55:16.694950
Apple App Store,agora-ahorra-y-disfruta,1478814349,12702096638,Buena app,Buena app para compras en plaza vea o farmacias,5,{'label': 'Sh3d3r'},2025-05-26 23:47:01+00:00,,pe,2026-06-16T15:55:16.694950
Apple App Store,agora-ahorra-y-disfruta,1478814349,12677749547,La Mejor Cuenta de Ahorros,"La mejor tasa de interés para una cuenta de ahorros con el respaldo de Intercorp. Eso está bueno. Y desde que es interoperable se puede Agorear, Yapear o Plinear; lo máximo..!",5,{'label': 'DiegoPeruColombia'},2025-05-20 16:23:15+00:00,,pe,2026-06-16T15:55:16.694950
Apple App Store,agora-ahorra-y-disfruta,1478814349,12639437790,Un asco,Un asco de aplicacion ise una recarga con mi targeta me cobraron el monto pero no me llego la recarga que mal servicio,1,{'label': 'SrNachoct'},2025-05-10 06:20:23+00:00,,pe,2026-06-16T15:55:16.694950
Apple App Store,agora-ahorra-y-disfruta,1478814349,12634514308,App falla en todo,no puedo acceder al ahorramás,1,{'label': 'Elpachino21'},2025-05-08 20:57:39+00:00,,pe,2026-06-16T15:55:16.694950
Apple App Store,agora-ahorra-y-disfruta,1478814349,12630892425,PÉSIMO,"Para recargar sus tarjeta cobran comisiones de 5-7so no importa que sean montos pequeños, así que no sirve para nada usar la app.",1,{'label': 'RLPC#'},2025-05-07 20:55:56+00:00,,pe,2026-06-16T15:55:16.694950
Apple App Store,agora-ahorra-y-disfruta,1478814349,12615146134,Deberían mejora la app,Excelentes descuentos y promociones pero la app es horrible y no da soluciones el centro de atención al cliente,1,{'label': 'Carolinna27'},2025-05-03 16:05:33+00:00,,pe,2026-06-16T15:55:16.694950
Apple App Store,agora-ahorra-y-disfruta,1478814349,12611083349,FACE ID,"Implementar Face ID para agilizar la entrada a la app y mejorar el tiempo de respuesta, velocidad y estabilidad en general.",2,{'label': 'victorrodriguezs'},2025-05-02 15:07:12+00:00,,pe,2026-06-16T15:55:16.694950
Apple App Store,agora-ahorra-y-disfruta,1478814349,12599524791,El peor app,No funciona para saliendo errores,1,{'label': 'jsksvdjdbssnb7373₡:'},2025-04-29 14:43:25+00:00,,pe,2026-06-16T15:55:16.694950
Apple App Store,agora-ahorra-y-disfruta,1478814349,12585661270,Pésima app,Siempre se cuelga . Es un desastre,1,{'label': 'sofiaimd'},2025-04-25 20:38:16+00:00,,pe,2026-06-16T15:55:16.694950
Apple App Store,agora-ahorra-y-disfruta,1478814349,12582431930,Pesimo,No Recarga,1,{'label': 'Lo peor es agora'},2025-04-25 00:26:33+00:00,,pe,2026-06-16T15:55:16.694950
Apple App Store,agora-ahorra-y-disfruta,1478814349,12574469019,Pésimo soporte técnico,Nadie te ayuda a recuperar la contraseña o cambiar de número su sistema falla de forma horrible y solo hacen perder el tiempo con pasos que no se concretan que pésimo servicio,1,{'label': 'Katerin22222'},2025-04-22 21:50:44+00:00,,pe,2026-06-16T15:55:16.694950
Apple App Store,agora-ahorra-y-disfruta,1478814349,12562583273,Una muy pésima app y soporte,Si tienen la oportunidad no la descarguen al mínimo que tengan un inconveniente no le darán ninguna solución,1,{'label': 'Mariozda'},2025-04-19 17:35:26+00:00,,pe,2026-06-16T15:55:16.694950
Apple App Store,agora-ahorra-y-disfruta,1478814349,12533772573,AYUDA,"Siempre cuando intento yapear a alguien me bota de la app, mejorar en eso.",1,{'label': 'Brian Ramos.x'},2025-04-12 10:35:43+00:00,,pe,2026-06-16T15:55:16.694950
Apple App Store,agora-ahorra-y-disfruta,1478814349,12527468714,Dónde está MIS FAVORITOS,"Llevo 3 meses buscando MIS FAVORITOS, cada vez que pido productos debo buscarlos uno por uno",4,{'label': 'jesuop'},2025-04-10 19:21:35+00:00,,pe,2026-06-16T15:55:16.694950
Apple App Store,agora-ahorra-y-disfruta,1478814349,12525140938,Retiro desde la cuenta de Ahorra Más,Actualmente ya se puede acceder a la cuenta Ahorra Más después de las 12 am.,5,{'label': 'Solicitud de mejora'},2025-04-10 05:47:33+00:00,,pe,2026-06-16T15:55:16.694950
Apple App Store,agora-ahorra-y-disfruta,1478814349,12513149734,malo,He intentado entrar mas de una vez y en Todas me ha rechazado,1,{'label': 'verificar porfavor'},2025-04-07 02:45:16+00:00,,pe,2026-06-16T15:55:16.694950
Apple App Store,agora-ahorra-y-disfruta,1478814349,12477285378,Nunca funcionó,"Pensé que era por que tenía un celular oppo, pero luego cambié de celular y realmente es una kgd no función, no me deja entrar solo pongo 3 dig de mi número y se elimina. Hace 2 años estoy intentando usarla Y NADAAA DE NADAA. UN ASCO",1,{'label': 'Damark.silva'},2025-03-29 05:48:26+00:00,,pe,2026-06-16T15:55:16.694950
Apple App Store,agora-ahorra-y-disfruta,1478814349,12468215611,NO FUNCIONA,La app no permite mi registro en las 2 últimas versiones de la misma. Me comuniqué con soporte por WhatsApp y me dijeron que ya estaba registrado pero al momento de intentar ingresar a la app esta me dice que primero me debo registrar. Al parecer no solo la app funciona mal o no funciona sino también la empresa tiene problemas en sus sistemas.,1,{'label': 'The last of the wild'},2025-03-26 22:07:44+00:00,,pe,2026-06-16T15:55:16.694950
Apple App Store,agora-ahorra-y-disfruta,1478814349,12453960399,No envía mensaje al numero que quiero cambiar de celular,Olvide la contraseña y no llega el mensaje código al nuevo numero de celular q paso arreglen,1,{'label': 'cabrontu'},2025-03-23 10:03:53+00:00,,pe,2026-06-16T15:55:16.694950
Apple App Store,agora-ahorra-y-disfruta,1478814349,12448726839,No llegaron mis recompensas,"Hice compras en Mi Farma y Plaza Vea, por lo cual me indican que escanee el código QR como siempre para acumular mis recompensas. Y me doy con la sorpresa que desde la compra que hice el día 04 de marzo no se ha cargado ninguna recompensa. Trato de pagar mi tarjeta Oh! Con mi tarjeta Agora transfiriendo el monto y aunque esperé tres días a que se “regularizara” jamás me dejó realizar el pago. Ni hablar del “soporte” que te dan en el módulo de Plaza Vea en Real Plaza Cusco, la señora más perdida que yo, sobre el tema.",1,{'label': 'Kateeeeqq1'},2025-03-22 02:01:02+00:00,,pe,2026-06-16T15:55:16.694950
Apple App Store,agora-ahorra-y-disfruta,1478814349,12444288105,Pésima aplicación,"Para empezar no sale para iniciar sesión solo para registrar y tengo que hacer todo el proceso para que me salga que tengo una cuenta y recién poder ingresar, no se puede hacer pagos y siempre sale que algo anda mal y que vuelva a intentar. Todo pésimo",1,{'label': 'Lexy AD'},2025-03-20 22:42:22+00:00,,pe,2026-06-16T15:55:16.694950
Apple App Store,agora-ahorra-y-disfruta,1478814349,12443825336,No aparecen la tiendas para comprar,"No me figuran las tiendas para comprar, hace días si había pero ahora no figura, traté de comunicarme al whatsaap pero era de financiera oh y me mandan el link de ayuda que nada tiene que ver o no hay lo que necesito, Simplemente pésimo",1,{'label': 'LizMansilla'},2025-03-20 19:53:03+00:00,,pe,2026-06-16T15:55:16.694950
Apple App Store,agora-ahorra-y-disfruta,1478814349,12443699673,Discriminación hacia extranjeros,"No entiendo por qué no permiten registrarse con Carnet de Extranjería. Es injusto que, por no ser ciudadano local, me nieguen el acceso a la aplicación. Deberían corregir esto y permitir que todos los residentes puedan usar sus servicios sin discriminación.",1,{'label': 'SinDiscriminación'},2025-03-20 19:10:25+00:00,,pe,2026-06-16T15:55:16.694950
Apple App Store,agora-ahorra-y-disfruta,1478814349,12440503240,Se cierra,Se cierra la aplicación al entrar será por que tengo iPhone ?,1,{'label': 'Juanmykit0'},2025-03-19 22:58:59+00:00,,pe,2026-06-16T15:55:16.694950
Apple App Store,agora-ahorra-y-disfruta,1478814349,12432891348,Muy mala,"La app es muy mala, no la recomiendo no te muestra el saldo real de tu cuenta y tienes que pedir soporte a cada rato, realmente si quieres una cuenta de ahorros vete a otro banco",1,{'label': 'Una pésima ap'},2025-03-17 22:35:26+00:00,,pe,2026-06-16T15:55:16.694950
Apple App Store,agora-ahorra-y-disfruta,1478814349,12431246370,Triste!!!,Del app desaparecío la categoría “Mi favorito”! Es muy muy muy muy incomodo!!! Devuelve por favor!!,3,{'label': 'Mary MaxVS'},2025-03-17 13:25:29+00:00,,pe,2026-06-16T15:55:16.694950
Apple App Store,agora-ahorra-y-disfruta,1478814349,12428839508,No me llena el SMS para ingresar,"Desde que cambié de equipo no puedo iniciar sesión a pesar que se mi clave, me dice que validarán por única vez mi celular y enviarán un SMS pero nunca llega el mensaje. Pésima app y no brindan soporte",1,{'label': 'Will_468'},2025-03-16 20:34:44+00:00,,pe,2026-06-16T15:55:16.694950
Apple App Store,agora-ahorra-y-disfruta,1478814349,12424346683,Se bugea,"Cuando quiero iniciar sesión con mi número, se borran los primeros 3 dígitos y no me permite continuar.",1,{'label': 'KarinFlow'},2025-03-15 18:11:23+00:00,,pe,2026-06-16T15:55:16.694950
Apple App Store,agora-ahorra-y-disfruta,1478814349,12420995051,Pésima app,"Al momento de registrarse para solicitar ohpay, pide reconocimiento de rostro y documento de indentidad, y dicho proceso demora varios minutos, y cuando está en el último paso se pone negra la pantalla por varios minutos más y cuando se aclara vuelve a la pantalla principal sin haber hecho el registro. Pésimo.",1,{'label': 'jfaustorg'},2025-03-14 22:41:13+00:00,,pe,2026-06-16T15:55:16.694950
Apple App Store,agora-ahorra-y-disfruta,1478814349,12415690313,Mala - pésima,"No me deja ni registrarme, después de la verificación facial se pone la pantalla en negro y no pasa nada más",1,{'label': 'W1EOg'},2025-03-13 14:28:48+00:00,,pe,2026-06-16T15:55:16.694950
Apple App Store,agora-ahorra-y-disfruta,1478814349,12408340729,No llega el código,Cambié de celular y nunca llega el código para validar mis datos.,1,{'label': 'SandraCurasi'},2025-03-11 14:58:06+00:00,,pe,2026-06-16T15:55:16.694950
Apple App Store,agora-ahorra-y-disfruta,1478814349,12402235456,No sirve como billetera,"La app no deja ingresar a la aplicación, no puedo ni retirar mi dinero porque simplemente falla el inicio de sesión, siempre tienen problemas con su DB, ojalá no sea una nueva filtración de datos.",1,{'label': 'Joseph Lugo Y.'},2025-03-09 22:45:10+00:00,,pe,2026-06-16T15:55:16.694950
Apple App Store,agora-ahorra-y-disfruta,1478814349,12401788556,Apple Pay Integrarse,"Demora demasiado para poder ingresar al App si deseo pagar por QR , deberían habilitar en la Billetera Digital Apple Pay sería más factible como los demás bancos",2,{'label': 'Sergio0711'},2025-03-09 20:01:54+00:00,,pe,2026-06-16T15:55:16.694950
Apple App Store,agora-ahorra-y-disfruta,1478814349,12394182928,Buena,Le falta estabilidad y mejora en su desarrollo los programadores de la app deberían ponerle un poco mas de empeño,3,{'label': 'Lupirom'},2025-03-07 22:31:32+00:00,,pe,2026-06-16T15:55:16.694950
Apple App Store,agora-ahorra-y-disfruta,1478814349,12390710615,Aplicación no funciona,"La aplicación simplemente dejó de funcionar, ya van dos días que no puedo acceder porque no me envía el correo de verificación, y al comunicarme con su servicio de atención al cliente no logran darme solución, solo llenar unas hojas de reporte que al final no me ayudan en nada",1,{'label': 'Carloshwrharjwyj'},2025-03-07 01:17:29+00:00,,pe,2026-06-16T15:55:16.694950
Apple App Store,agora-ahorra-y-disfruta,1478814349,12386247638,Un desastre,Siempre que quiero hacer pagos o transferir dinero siempre se cuelga la aplicación nunca llega el Código para confirmar la operación y nunca quiere abrir el aplicativo y cuando abre nunca llega el código tengo que esperar o realizar otro medio de pago.,1,{'label': 'Jimi-12'},2025-03-05 21:08:03+00:00,,pe,2026-06-16T15:55:16.694950
Apple App Store,agora-ahorra-y-disfruta,1478814349,12378141131,Tiene problemas graves,No puedo abrir una cuenta de AhorroMas y tampoco hacer transferencias. En ocasiones si puedo acceder al app.,2,{'label': 'Vash951'},2025-03-03 17:36:37+00:00,,pe,2026-06-16T15:55:16.694950
Apple App Store,agora-ahorra-y-disfruta,1478814349,12374847253,"Muy mala app, Pésima","En iOS no sirve nada, para todo te sale el mensaje: Lo sentimos Algo inesperado ocurrió. Estamos trabajando para solucionarlo. Y el customer service te responde los mensajes cada 30 min y si tú no le rapondes en 5 min te cierran en chat. Pésimo.",1,{'label': 'Jose Fabricio'},2025-03-02 20:34:31+00:00,,pe,2026-06-16T15:55:16.694950
Apple App Store,agora-ahorra-y-disfruta,1478814349,12374679740,Reporte de falla,En el apartado para colocar el número de teléfono te genera error se borran los números después de ingresar 4 dígitos.,1,{'label': 'Carlos Casella'},2025-03-02 19:34:24+00:00,,pe,2026-06-16T15:55:16.694950
Apple App Store,agora-ahorra-y-disfruta,1478814349,12369834317,Ingreso con problema,En el campo de ingreso de celular solo acepta 3 dígitos a pesar de haber descargado del AppStore. No sirve corrijan. Gracias,1,{'label': 'jlkerbin'},2025-03-01 15:57:41+00:00,,pe,2026-06-16T15:55:16.694950
Apple App Store,agora-ahorra-y-disfruta,1478814349,12365957271,No Hay Favoritos,En su ultima actualización se olvidaron colocar el boton para ver los productos favoritos. Atencion al cliente un desastre. Habra que esperar hasta que se den cuenta o haya mas quejas :/,1,{'label': 'Krrishlg'},2025-02-28 17:49:47+00:00,,pe,2026-06-16T15:55:16.694950
Apple App Store,agora-ahorra-y-disfruta,1478814349,12358844104,Error,"Para todo me sale error , en ningún momento puedo utilizarla por esa razón.",1,{'label': 'Error )'},2025-02-26 22:03:06+00:00,,pe,2026-06-16T15:55:16.694950
Apple App Store,agora-ahorra-y-disfruta,1478814349,12337845363,EL APP NO FUNCIONA,"Su app es horrible, tiene muchas caídas o problemas, ahora no me deja transferir mi plata y me dicen que tengo que mandar un correo con las características de mi celular xd",1,{'label': 'Rafaaael26'},2025-02-21 14:39:08+00:00,,pe,2026-06-16T15:55:16.694950
Apple App Store,agora-ahorra-y-disfruta,1478814349,12335048506,M****a de App,"Una vergüenza, esta hecha a lo peruano.",1,{'label': 'macvelez'},2025-02-20 20:51:39+00:00,,pe,2026-06-16T15:55:16.694950
Apple App Store,agora-ahorra-y-disfruta,1478814349,12334371625,SE CIERRA LA APLICACIÓN AL ENVIAR A TRAVÉS DE YAPE O PLIM,Solucionar…,1,{'label': 'llHaroldll'},2025-02-20 16:55:32+00:00,,pe,2026-06-16T15:55:16.694950
Apple App Store,agora-ahorra-y-disfruta,1478814349,12334178712,Inconvenientes con escaneo de dni,"Nunca logra escanear el dni, te bota a la pagina de inicio",1,{'label': '/23)($&'},2025-02-20 15:55:54+00:00,,pe,2026-06-16T15:55:16.694950
Apple App Store,agora-ahorra-y-disfruta,1478814349,12333889498,ERROR,La aplicación se cierra cada vez que quiero seleccionar la opción de pagar a celular.,2,{'label': 'JOTA899'},2025-02-20 14:30:34+00:00,,pe,2026-06-16T15:55:16.694950
Apple App Store,agora-ahorra-y-disfruta,1478814349,12333695912,La app es pésima,"No tienen desarrolladores modernos o no les importa el app de agora. El app una *** , no funciona el carrito, no es moderno , cero. Bye agora 💀",1,{'label': 'MarceloGoju'},2025-02-20 13:35:19+00:00,,pe,2026-06-16T15:55:16.694950
Apple App Store,agora-ahorra-y-disfruta,1478814349,12327650072,Horrible experiencia,"El peor aplicativo que existe, nunca me permitió realizar un pago a través de QR y falla y se queda en blanco la pantalla, no la recomiendo para absolutamente nada",1,{'label': 'Cesarveraaaa'},2025-02-18 23:53:46+00:00,,pe,2026-06-16T15:55:16.694950
Apple App Store,agora-ahorra-y-disfruta,1478814349,12326211041,Pésimo,Con cada actualización en vez de mejorar peor lo dejan siempre que quiero yapear a otro banco nace me cierra la app pésimo,1,{'label': 'escorx'},2025-02-18 15:17:01+00:00,,pe,2026-06-16T15:55:16.694950
Apple App Store,agora-ahorra-y-disfruta,1478814349,12318186696,Cierra la app,Se cierra la app cuando quiero pasar dinero a yape o plin,2,{'label': 'EroxB'},2025-02-16 14:21:12+00:00,,pe,2026-06-16T15:55:16.694950
Apple App Store,agora-ahorra-y-disfruta,1478814349,12315333927,Esta app es discriminatoria,No cumple contra las políticas anti discriminación ya que solo acepta DNI y no carnet de extranjeros,1,{'label': 'tonny578'},2025-02-15 20:35:03+00:00,,pe,2026-06-16T15:55:16.694950
Apple App Store,agora-ahorra-y-disfruta,1478814349,12315286503,No sirve para factura en iphone,"Realice un pedido para factura con ruc, primer error: no obtener la razon social automaticamente. 2do error: Te pide ingresar manualmente la razon social pudiendo ingresar cualquier nombre. Tercer error: a pesar de ingresar letra por letra el ruc y razon, y darle grabar. La informacion no fue registrada en sus sistemas. al final solo me generaron boletas y no facturas. 4to error: el area de soporte insiste y se limita en que no figura el ruc y razon social. 5to error: al insistir por mi comprobante de pago . Me mandaron una foto de la boleta de plaza vea toda arrugada.",1,{'label': 'JonathanVM'},2025-02-15 20:17:49+00:00,,pe,2026-06-16T15:55:16.694950
Apple App Store,agora-ahorra-y-disfruta,1478814349,12314992113,Se agarraron mi dinero,"Realize una compra de más de 200s en bebidas y mi pedido nunca llego , me hicieron el descuento de mi tarjeta pero ya pasararon mas de 22 días que te dan para que te regresen el dinero y no me dan una solucion incluso llame a mi banco y nada , no usen la app te estafan y el indriver me llama diciendo que no llegaba a la zona de donde me encontraba apesar de que vivo en Miraflores y marque todas las indicaciones antes de hacer la compra 👎👎👎👎👎",1,{'label': 'Est4fadores'},2025-02-15 18:36:38+00:00,,pe,2026-06-16T15:55:16.694950
Apple App Store,agora-ahorra-y-disfruta,1478814349,12305950479,Problemas con la app,"Primero no me permite ver mi cuenta y mi saldo, luego no abre, desinstalo y adiós no puedo descargarla una decepción",1,{'label': 'CarlotaRUA'},2025-02-13 12:35:41+00:00,,pe,2026-06-16T15:55:16.694950
Apple App Store,agora-ahorra-y-disfruta,1478814349,12304509735,Mal,Ni siquiera me deja registrarme toda la pantalla se pone negra,1,{'label': 'mica carpio'},2025-02-13 02:37:08+00:00,,pe,2026-06-16T15:55:16.694950
Apple App Store,agora-ahorra-y-disfruta,1478814349,12303226084,No se puede registrar,"La pantalla se pone en negro y no deja, no funciona.",1,{'label': 'NolaPistola'},2025-02-12 18:18:41+00:00,,pe,2026-06-16T15:55:16.694950
Apple App Store,agora-ahorra-y-disfruta,1478814349,12300358837,El app no sirve y llamarlos menos no puedo hacer mis pedidos,Mal servicio,5,{'label': 'kmiush'},2025-02-12 01:05:21+00:00,,pe,2026-06-16T15:55:16.694950
Apple App Store,agora-ahorra-y-disfruta,1478814349,12295742600,Pésima app,"No me deja usar la app, dice que no se puede verificar mi identidad, pero he seguido todos los pasos, y he intentado como 100 veces. Pésima app, tenía dms ganas de usarla porque a mi hermana le funciona y es más segura en compras online. Es una pena",1,{'label': 'djkfofoqopaps'},2025-02-10 21:02:07+00:00,,pe,2026-06-16T15:55:16.694950
Apple App Store,agora-ahorra-y-disfruta,1478814349,12290927745,Arreglen su app,Cuando intento pagar me sale error y no me deja no sé si es porque tengo Phone o no se pero siempre me aparece error,2,{'label': '.🤬.🤬.'},2025-02-09 16:31:21+00:00,,pe,2026-06-16T15:55:16.694950
Apple App Store,agora-ahorra-y-disfruta,1478814349,12266600639,Fallas de la app desde el inicio,"Realicé un depósito y, luego, me piden validación de identidad para poder hacer cualquier movimiento. Sin embargo, cuando intento identificarme, el sistema falla: el aplicativo se reinicia o, en muchos casos, aparece el mensaje ‘Tuvimos un problema al cargar la información’. Llevo más de dos semanas con esta situación y nadie se comunica conmigo. Ni en las agencias ni por WhatsApp obtengo respuesta.",1,{'label': 'Jazmin Milagros'},2025-02-03 16:57:43+00:00,,pe,2026-06-16T15:55:16.694950
Apple App Store,agora-ahorra-y-disfruta,1478814349,12250913852,No funcionan las recompensas,No funciona en iPhone en la tienda de Plaza Vea de Mayolo en Los Olivos ni en las tiendas Mass,1,{'label': 'LuisAngel007'},2025-01-31 00:07:55+00:00,,pe,2026-06-16T15:55:16.694950
Apple App Store,agora-ahorra-y-disfruta,1478814349,12243956377,Mal,Porque no me responde el querer enviarme plata a yape y el código me sale en error ni me envían código,1,{'label': 'Jnihb'},2025-01-29 06:29:32+00:00,,pe,2026-06-16T15:55:16.694950
Apple App Store,agora-ahorra-y-disfruta,1478814349,12226368618,Bien,La vengo usando desde hace un tiempo y creo que ahora es más estable. Sería ideal si se pudiese vincular la tarjeta a Apple pay,4,{'label': 'Wizned'},2025-01-24 20:11:46+00:00,,pe,2026-06-16T15:55:16.694950
Apple App Store,agora-ahorra-y-disfruta,1478814349,12217780028,Es acaso un truco para que no movamos el dinero a otra tarjeta?,"Cada vez que me piden sms sale “algo inesperado ocurrio”, y no puedo hacer transacciones gracias a eso, los mensajes no me llegan, eso es un problema de hace meses pero hoy ya llegué al límite",1,{'label': 'flevreviewMINI'},2025-01-22 18:38:30+00:00,,pe,2026-06-16T15:55:16.694950
Apple App Store,agora-ahorra-y-disfruta,1478814349,12212706862,No puedo agregar ningún medio de pago,"Van a ser casi 2 meses que no puedo agregar ningún medio de pago, ya hice todo lo que me dijeron en ayuda y nada funciona! Necesito que puedan arreglar este problema",1,{'label': 'Kar OP'},2025-01-21 17:40:18+00:00,,pe,2026-06-16T15:55:16.694950
Apple App Store,agora-ahorra-y-disfruta,1478814349,12212457791,Pésimo,"La peor app para pedir alimentos, tiene muchos problemas no solucionan nada",1,{'label': 'Mggggb'},2025-01-21 16:22:10+00:00,,pe,2026-06-16T15:55:16.694950
Apple App Store,agora-ahorra-y-disfruta,1478814349,12206213344,No se puede ordenar por precio,Desde la ultima actualizacion ya no se puede ordenar por precio eso me da mucho mas trabajo al momento se comorar Yo tengo un iphone 14,1,{'label': 'mabi 1234'},2025-01-20 02:28:43+00:00,,pe,2026-06-16T15:55:16.694950
Apple App Store,agora-ahorra-y-disfruta,1478814349,12180977804,Pésimo,"No me deja comprar, pido ayuda por el app y no solucionan nada",1,{'label': 'Claudiaab200'},2025-01-13 21:12:18+00:00,,pe,2026-06-16T15:55:16.694950
Apple App Store,agora-ahorra-y-disfruta,1478814349,12176292714,No me deja ingresar contraseña en mi iPhone,"No me deja ingresar contraseña en la app desde mi iPhone, pésimo !",1,{'label': 'Rubi ol'},2025-01-12 16:52:42+00:00,,pe,2026-06-16T15:55:16.694950
Apple App Store,agora-ahorra-y-disfruta,1478814349,12150163387,Mejorar,La app se lajea cuando voy a enviar dinero no llegan los códigos mejorar esa parte a que se debe,3,{'label': 'Arerth12'},2025-01-06 01:10:03+00:00,,pe,2026-06-16T15:55:16.694950
Apple App Store,agora-ahorra-y-disfruta,1478814349,12132254227,No funciona para iPhone,No puedo ingresar desde mi iPhone,2,{'label': 'Alej92'},2025-01-01 16:28:50+00:00,,pe,2026-06-16T15:55:16.694950
Apple App Store,agora-ahorra-y-disfruta,1478814349,12122385792,no deja iniciar sesión,"cuando le doy a crear cuenta me dice , tu cuenta ya existe, cuando intento ingresar me sale que no existe cuenta, que la cree.",1,{'label': 'SebastiánEPH'},2024-12-30 04:48:36+00:00,,pe,2026-06-16T15:55:16.694950
Apple App Store,agora-ahorra-y-disfruta,1478814349,12121362659,Mal funcionamiento,"No puedo ingresar a la App después de escribir mi número de celular no me permite avanzar, pésima atención en los módulos de atención al cliente.",1,{'label': '@RianG'},2024-12-29 21:48:24+00:00,,pe,2026-06-16T15:55:16.694950
Apple App Store,agora-ahorra-y-disfruta,1478814349,12120181174,Mal diseño no deja entrar a la cuenta,El diseño de la app no le deja presionar el botón Ingresar mi clave y me quedo en ingresar celular,1,{'label': 'AnaS_1001'},2024-12-29 15:17:25+00:00,,pe,2026-06-16T15:55:16.694950
Apple App Store,agora-ahorra-y-disfruta,1478814349,12113960786,Problemas al ingresar método de pago,"Hola, tengo problemas al pagar. Me sale error cada vez que ingreso una tarjeta. He probado con varias",1,{'label': 'AraaD9'},2024-12-28 01:04:39+00:00,,pe,2026-06-16T15:55:16.694950
Apple App Store,agora-ahorra-y-disfruta,1478814349,12098349913,La app no sirve,Después de poner el número de celular no te deja ir al siguiente paso,1,{'label': 'Rodrigosal99'},2024-12-23 23:24:00+00:00,,pe,2026-06-16T15:55:16.694950
Apple App Store,agora-ahorra-y-disfruta,1478814349,12094421123,2.4 es mucha calificación,"Me sorprende la elevada valoración que tienen (2.4) para el servicio de esta App. Muy mala de verdad, no abre en mi IPhone de manera súbita luego de pedirme el número de celular no puede moverse la pantalla para ingresar la clave. Ya no la puedo usar.",1,{'label': 'Criptonomus'},2024-12-22 22:11:24+00:00,,pe,2026-06-16T15:55:16.694950
Apple App Store,agora-ahorra-y-disfruta,1478814349,12085427398,Apple Pay,"Por favor, para mayor seguridad habiliten la opción de Apple Pay en sus tarjetas.",4,{'label': 'Mathias Sami'},2024-12-20 15:37:41+00:00,,pe,2026-06-16T15:55:16.694950
Apple App Store,agora-ahorra-y-disfruta,1478814349,12081342979,La app es pésima,Han cambiado la interfaz pero cada cinco minutos se cierra la sesión y te pide entrar.,2,{'label': 'chameleon006'},2024-12-19 13:42:10+00:00,,pe,2026-06-16T15:55:16.694950
Apple App Store,agora-ahorra-y-disfruta,1478814349,12076133224,te amo agora,hasta cómo más de 5 meses que te uso y todo bien,4,{'label': 'jailichel'},2024-12-18 03:24:40+00:00,,pe,2026-06-16T15:55:16.694950
Apple App Store,agora-ahorra-y-disfruta,1478814349,12075998837,PÉSIMO SERVICIO,Ahorre 300 SOLEEES desde mi oh pay a mi cuenta Oh de ahorros y me sale que NO FIGURA pero en mi cuenta de OH Pay me sale que ya me quitaron el dinero? Ósea me robaron? No entiendo,1,{'label': 'Marrrsave166'},2024-12-18 02:25:04+00:00,,pe,2026-06-16T15:55:16.694950
Apple App Store,agora-ahorra-y-disfruta,1478814349,12075161930,Falla en su app de Apple,Me dicen coloca tu número de teléfono y después no se puede dar enter o salir por qué no permite o sus números no se minimizan,2,{'label': 'ARI1234569'},2024-12-17 20:36:48+00:00,,pe,2026-06-16T15:55:16.694950
Apple App Store,agora-ahorra-y-disfruta,1478814349,12075121123,Aplicación super mediocre,"Pésima aplicación, extremadamente lenta, es un fiasco de aplicación.",1,{'label': 'jriverox'},2024-12-17 20:20:29+00:00,,pe,2026-06-16T15:55:16.694950
Apple App Store,agora-ahorra-y-disfruta,1478814349,12063136466,PESIMA APP,No sirve y solo hace perder dinero,1,{'label': 'HenryGonzales'},2024-12-14 16:21:18+00:00,,pe,2026-06-16T15:55:16.694950
Apple App Store,agora-ahorra-y-disfruta,1478814349,12059475051,No funciona,La app no funciona,1,{'label': 'Veronicajunsu'},2024-12-13 17:52:54+00:00,,pe,2026-06-16T15:55:16.694950
Apple App Store,agora-ahorra-y-disfruta,1478814349,12044061135,Todo mal desde la última actualización,"Desde la última actualización la app no me permite comprar en Plaza Vea, dice que la tarjeta no es válida, cuando en la misma app si me permite comprar con la misma tarjeta en los otros comercios. Es la segunda vez que una actualización es tan mala",1,{'label': 'rommyguiliana'},2024-12-09 15:04:09+00:00,,pe,2026-06-16T15:55:16.694950
Apple App Store,agora-ahorra-y-disfruta,1478814349,12041096097,No funciona en sistema IOS,"La he descargado, instalado y desinstalado muchísimas veces pero nada no funciona.",1,{'label': 'Gabi.derivadax'},2024-12-08 18:43:54+00:00,,pe,2026-06-16T15:55:16.694950
Apple App Store,agora-ahorra-y-disfruta,1478814349,12036010349,Decepción,"Todo iba bien hasta que cambié de número,eso fue una tortura y hasta ahora no pueden crear la tarjeta virtual ojalá mejoren",2,{'label': 'Alondrazz'},2024-12-07 12:40:17+00:00,,pe,2026-06-16T15:55:16.694950
Apple App Store,agora-ahorra-y-disfruta,1478814349,12032155348,El aplicativo no funciona en iphones,Es una desgracia este aplicativo asi como el soporte técnico que no solucionan nada,1,{'label': 'Ñañits'},2024-12-06 12:48:39+00:00,,pe,2026-06-16T15:55:16.694950
Apple App Store,agora-ahorra-y-disfruta,1478814349,12028888062,No funciona,"No te deja recibir ni hacer pagos con QR. Al momento de hacer uso de los puntos te aparece que la tienda no se encuentra afiliada (Makro). La atención al cliente es mala y lenta, solo te piden información y su respuesta siempre es que el reclamo es improcedente.",1,{'label': 'Peru2024'},2024-12-05 15:08:23+00:00,,pe,2026-06-16T15:55:16.694950
Apple App Store,agora-ahorra-y-disfruta,1478814349,12025470634,Te estafan fácilmente,"Hice compras y llegaron incompletas. Karina, una asistente por chat no me respondía los mensajes en absoluto y me escribieron de un wsp súper informal todo. Al final nadie me da respuesta pero igual me cobraron los productos que no me han entregado. 0 recomendado.",1,{'label': 'zebs garcia'},2024-12-04 16:58:17+00:00,,pe,2026-06-16T15:55:16.694950
Apple App Store,agora-ahorra-y-disfruta,1478814349,12025242364,Pésimo,"La aplicación no carga se reinicia automáticamente, voy a plataforma no dan una solución , les escribo por whattsap no me dan una solución , me dicen que envié correo , del correo me dicen que les escriba al whattsap y así nunca dan solución",1,{'label': 'No la usen pésimo'},2024-12-04 15:43:11+00:00,,pe,2026-06-16T15:55:16.694950
Apple App Store,agora-ahorra-y-disfruta,1478814349,12022783993,Problema de ingreso,No puedo ingresar me piden colocar mi número de celular y no me da la opción de colocar siguiente,2,{'label': 'Jesse152323@'},2024-12-03 23:41:10+00:00,,pe,2026-06-16T15:55:16.694950
Apple App Store,agora-ahorra-y-disfruta,1478814349,12019620610,Falla,La app siempre falla cuando más la necesitas,1,{'label': 'Nockted'},2024-12-03 03:19:10+00:00,,pe,2026-06-16T15:55:16.694950
Apple App Store,agora-ahorra-y-disfruta,1478814349,12019601360,Cierra sesión a cada rato y menciona que el tiempo de conexión ha vencido.,"Sin importar si estoy 5 segundos en la app, sale un mensaje constante de que el tiempo de conexión ya venció. Esto sucede sobre todo cuando intento ver mis movimientos en mi cuenta de ahorro y no me deja hacerlo. Agradecería que lo solucionen.",3,{'label': 'Eme Ayala'},2024-12-03 03:10:31+00:00,,pe,2026-06-16T15:55:16.694950
Apple App Store,agora-ahorra-y-disfruta,1478814349,12019149446,Falla al login,"Últimamente falla mucho, me logueo y me saca del app de inmediato. Cómo se soluciona?",3,{'label': 'ruby17q'},2024-12-03 00:09:30+00:00,,pe,2026-06-16T15:55:16.694950
Apple App Store,agora-ahorra-y-disfruta,1478814349,12018565197,Método de pago,Solo hay un método y no dejan agregar tarjeta de débito,1,{'label': 'Nic4543'},2024-12-02 20:15:56+00:00,,pe,2026-06-16T15:55:16.694950
Apple App Store,agora-ahorra-y-disfruta,1478814349,12017890933,Problemas con inicio de sesión,"Hace unas semanas, cuando inicio sesión aparece el mensaje de que tengo que volver a iniciar sesión. Luego sale que hay error.",2,{'label': 'Sofhía'},2024-12-02 16:19:00+00:00,,pe,2026-06-16T15:55:16.694950
Apple App Store,agora-ahorra-y-disfruta,1478814349,12017579579,Interesante pero muchos errores,"No ha dejado de fallar la aplicación, actualización tras actualización. Francamente hasta ganas de retirar el dinero. Incluso parece que quisieran complicar el proceso de poder acceder a mis ahorros",2,{'label': 'Ju//99'},2024-12-02 14:40:59+00:00,,pe,2026-06-16T15:55:16.694950
Apple App Store,agora-ahorra-y-disfruta,1478814349,12015823530,No deja ingresar,"No funciona, dicen que han hecho mejoras en estabilidad y la app no me deja ingresar, necesito en todo caso poder sacar mi dinero si estabilidad que esta app es inestable",1,{'label': 'jtodriguezrz'},2024-12-02 03:06:10+00:00,,pe,2026-06-16T15:55:16.694950
Apple App Store,agora-ahorra-y-disfruta,1478814349,12015640096,Mal servicio,La aplicación no sirve para nada ni entrar me deja,1,{'label': 'Ajjajsje'},2024-12-02 01:48:31+00:00,,pe,2026-06-16T15:55:16.694950
Apple App Store,agora-ahorra-y-disfruta,1478814349,12015543559,Un horror,Se cuelga constantemente y cada 30 segundos me dice q la conexión venció y me pide que vuelva a poner mi clave,1,{'label': 'M.Montalvo'},2024-12-02 01:10:02+00:00,,pe,2026-06-16T15:55:16.694950
Apple App Store,agora-ahorra-y-disfruta,1478814349,12015460919,La app falla al abrirse,"Falla mucho, al abrir se vuelve a cerrar y no deja usar con normalidad, y para no ser poco todo eso, acabo de hacer un Yape que no llega al destinatario y ya me lo descontaron.",1,{'label': 'KKBCAnsjskskskkdkdkjsnff'},2024-12-02 00:37:17+00:00,,pe,2026-06-16T15:55:16.694950
Apple App Store,agora-ahorra-y-disfruta,1478814349,12014879647,Pésima app,"El tiempo de usar es mínimo, se cierra y luego hay que volver a ingresar y se cuelga, seguido me sale que tiene fallas y hay que esperar, quiero yapear y sale que los números no están afiliados y si quiero yapearme a mí misma tampoco puedo.",1,{'label': 'Mirella25es'},2024-12-01 20:45:58+00:00,,pe,2026-06-16T15:55:16.694950
Apple App Store,agora-ahorra-y-disfruta,1478814349,12013525573,Tiene muchos problemas,Desde 2022 que lanzaron la app tiene problemas de carga y optimización con los operaciones que uno hace es como si tu app de Interbank o bcp fallara cada día con eso le digo todo seria riesgoso si uno tiene una emergencia y no puede retirar en cajero o pagar no funciona pagar con tape o plin vía qr,2,{'label': 'Eduardo yance'},2024-12-01 13:45:06+00:00,,pe,2026-06-16T15:55:16.694950
Apple App Store,agora-ahorra-y-disfruta,1478814349,12010645927,Pésima actualización de app,Se cierra a cada rato la app inesperadamente no se puede realizar pagos con QR ya que se cierra inesperadamente corregir ese error de app no era así con la anterior gestión,1,{'label': 'bryvalen'},2024-11-30 20:05:18+00:00,,pe,2026-06-16T15:55:16.694950
Apple App Store,agora-ahorra-y-disfruta,1478814349,12003686244,SE CIERRA SESIÓN INMEDIATO EN IPHONE 15 PRO MAX,"Inicio sesión con mi clave y cuando quiero ver mis cuentas sale en automático volver a iniciar sesión, nuevamente pongo mi clave y lo mismo hasta que sale error",1,{'label': 'pagosenlineape'},2024-11-29 02:39:45+00:00,,pe,2026-06-16T15:55:16.694950
Apple App Store,agora-ahorra-y-disfruta,1478814349,12002890948,Un asco,"Cada actualización es aún peor un verdadero asco, me pide clave cada rato y cuando ingreso me sale error no me deja ver mis movimientos o hacer alguno cada rato me arroja de la app, en lugar de mejorarla cada vez peor !!",1,{'label': 'Yida13'},2024-11-28 20:57:41+00:00,,pe,2026-06-16T15:55:16.694950
Apple App Store,agora-ahorra-y-disfruta,1478814349,12002879769,Mala experiencia,"Acabo de actualizarla y días después me pidió actualizarla de nuevo, a parte la sesión se para venciendo porque me pide la clave cada vez que quiere acceder a cualquier cuenta. Voy a proceder a dejar de usar los servicios",2,{'label': 'Emerson Yllisca'},2024-11-28 20:53:03+00:00,,pe,2026-06-16T15:55:16.694950
Apple App Store,agora-ahorra-y-disfruta,1478814349,12001640577,No sirve,"Su app es de las peores que he visto. Hay días en los que simplemente no puedes pagar con Agora Pay porque jamás llega el código de confirmación, no pierdes transferir porque aparece un texto diciendo “error algo inesperado sucedió”. Por otro lado, su soporte es igual de malo, lo único que saben decir es “en el lapso de 48 horas ….”.",1,{'label': 'Bryan VA 14'},2024-11-28 13:55:54+00:00,,pe,2026-06-16T15:55:16.694950
Apple App Store,agora-ahorra-y-disfruta,1478814349,11999669086,Pésima app - inestable,"Se para cerrando, a veces falla las transferencias , uno busca seguridad en este tipo de aplicaciones y esta es la peor de todas",1,{'label': 'jruiz 16666'},2024-11-28 00:17:36+00:00,,pe,2026-06-16T15:55:16.694950
Apple App Store,agora-ahorra-y-disfruta,1478814349,11995888226,Buen servicio pésima app,Las funciones de agora ayudan en muchos comercios pero la apo falla a cada rato. Dan ganas de abandonar agora,1,{'label': 'PamRV'},2024-11-26 23:59:25+00:00,,pe,2026-06-16T15:55:16.694950
Apple App Store,agora-ahorra-y-disfruta,1478814349,11995692154,Mejoren la app,"Increíble loco que manera de perder clientes, mejoren la app. Es malísima con sus errores de “desconexión” y “Algo inesperado ocurrió”",2,{'label': 'Jean Zubiate'},2024-11-26 22:37:01+00:00,,pe,2026-06-16T15:55:16.694950
Apple App Store,agora-ahorra-y-disfruta,1478814349,11991418970,Mensaje de “Ha ocurrido un inconveniente”,"Este mensaje me sale a cada rato, impidiéndome hacer transacciones, no solo comprar, sino, más que todo, ingresar dinero a mi Agora ahorros.",1,{'label': 'Ismaelbgr'},2024-11-25 18:43:40+00:00,,pe,2026-06-16T15:55:16.694950
Apple App Store,agora-ahorra-y-disfruta,1478814349,11991260809,CUIDADO,"Anulan los pedidos sin avisar y una vez que se descuentan el dinero de la cuenta del banco, por lo que se quedan con el dinero de uno . Si no me daba cuenta y no reclamaba, no avisan o se comunican para decir lo sucedido , y ahora debo esperar 22 días para que me devuelvan mi dinero cuando no pagué con tarjeta de crédito",1,{'label': 'marpas10'},2024-11-25 17:48:47+00:00,,pe,2026-06-16T15:55:16.694950
Apple App Store,agora-ahorra-y-disfruta,1478814349,11990382954,Muy mala app,Me bota de la aplicación porque mi tiempo se ha vencido y sin embargo recién ingreso. Una vez demoró 15 min en generarme un código para poder devolver mi dinero a otra billetera digital y no puedo usar mis recompensas para pagar a una entidad afiliada. Pésimo servicio.,1,{'label': 'RafaelGaspar13'},2024-11-25 13:07:28+00:00,,pe,2026-06-16T15:55:16.694950
Apple App Store,agora-ahorra-y-disfruta,1478814349,11988083893,No sirve,"Pésimo, no abre la aplicación.",1,{'label': 'Max~21'},2024-11-24 20:50:09+00:00,,pe,2026-06-16T15:55:16.694950
Apple App Store,agora-ahorra-y-disfruta,1478814349,11987544238,El servicio es bueno,Buen servico pero Mucha falla en la app me pide a cada rato la contraseña y luego sale que tiene problemas que solucionarán van dos días y sigue igual,1,{'label': 'Juan José saire'},2024-11-24 17:39:33+00:00,,pe,2026-06-16T15:55:16.694950
Apple App Store,agora-ahorra-y-disfruta,1478814349,11986818374,No envía correo electrónico con código,"App en IOS se cerraba sin permitir hacer ningún tipo de operación. Descargué nuevamente la app y al intentar ingresar no me envía el código al correo electrónico. Me envían diario varios mensajes de ofertas, PERO NO EL CÓDIGO. Cambien de equipo TI, este no soluciona cosas básicas como la estabilidad de una app.",1,{'label': 'Lauo2'},2024-11-24 13:59:04+00:00,,pe,2026-06-16T15:55:16.694950
Apple App Store,agora-ahorra-y-disfruta,1478814349,11986741255,Hace un mes sale el mensaje “tuvimos un inconveniente”,"Hago depósitos y pagos sin embargo son rebotados, nose cual es el problema Intento abrir la aplicación en el celular y pasando 1 segundo sale el mensaje “TIEMPO VENCIDO” y me vota, es un desastre",1,{'label': 'Espectro inquieto'},2024-11-24 13:36:18+00:00,,pe,2026-06-16T15:55:16.694950
Apple App Store,agora-ahorra-y-disfruta,1478814349,11984695828,App fuera de servicio,Es imposible ingresar a la aplicación sin que deje de salir el mensaje de error,1,{'label': 'AbigKrush'},2024-11-24 00:27:43+00:00,,pe,2026-06-16T15:55:16.694950
Apple App Store,agora-ahorra-y-disfruta,1478814349,11984356050,Problemas con la app,Estaba funcionando correctamente pero ahora arroja error inesperado,1,{'label': 'Maro1690'},2024-11-23 22:10:01+00:00,,pe,2026-06-16T15:55:16.694950
Apple App Store,agora-ahorra-y-disfruta,1478814349,11984303462,Mejorar su App,"Deberían mejorar sus App, casi siempre me sale error y no te deja ingresar",2,{'label': 'Milagros1437'},2024-11-23 21:48:19+00:00,,pe,2026-06-16T15:55:16.694950
Apple App Store,agora-ahorra-y-disfruta,1478814349,11984300376,Error al pagar y conexión,Tercera ves que la app no permite un pago y te vota de la app con un aviso de perdida de conexión que te obliga volver a escribir tu contraseña y a la final la app no habré asta cerrar y abrir la app nuevamente,2,{'label': 'Igualdad Albión'},2024-11-23 21:47:03+00:00,,pe,2026-06-16T15:55:16.694950
Apple App Store,agora-ahorra-y-disfruta,1478814349,11977254341,Cierre automático con actualización 2024,"Esta última actualización hace que el app se cierre constantemente y no permite realizar operaciones , todo mal",1,{'label': 'Mike JHB'},2024-11-22 02:40:04+00:00,,pe,2026-06-16T15:55:16.694950
Apple App Store,agora-ahorra-y-disfruta,1478814349,11977065232,No funciona,"En iPhone no me funciona, pide que ingrese constantemente la contraseña",1,{'label': 'UserChincha'},2024-11-22 01:20:05+00:00,,pe,2026-06-16T15:55:16.694950
Apple App Store,agora-ahorra-y-disfruta,1478814349,11973545652,Pésima app,"Chicos de Agora , con el corazón en la mano contraten desarrolladores que les permita tener un aplicativo estable. Intenté recargar saldo con una tarjeta operativa (con compras online activas) y resulta que me salió error 5 veces hasta que en la 5ta recién pasó la transacción, después de eso en teoría debería ser inmediata la recarga , habiendo pasado más de 20 minutos no se refleja el dinero. Buenos servicios y productos pero su app no aguanta la operativa.",1,{'label': 'juliodavila97'},2024-11-21 02:35:27+00:00,,pe,2026-06-16T15:55:16.694950
Apple App Store,agora-ahorra-y-disfruta,1478814349,11971153232,Pésima aplicación,Desde que lo he descargado es con la aplicación. Que más problemas tengo muy inestable,1,{'label': 'Jeryan248'},2024-11-20 11:50:05+00:00,,pe,2026-06-16T15:55:16.694950
Apple App Store,agora-ahorra-y-disfruta,1478814349,11968940890,Fatal,"Es una tontería me afilia y ahora no puedo acceder, pido ayuda me piden mi biométrica y no hacen nada no hay solución. No sirve su aplicativo.",1,{'label': 'Tefy⭐️✨⭐️'},2024-11-19 19:47:23+00:00,,pe,2026-06-16T15:55:16.694950
Apple App Store,agora-ahorra-y-disfruta,1478814349,11968498164,Pésima experiencia de uso,"Lento, se cierra la sesión, errores, todo mal",1,{'label': 'MacroX1990'},2024-11-19 17:02:30+00:00,,pe,2026-06-16T15:55:16.694950
Apple App Store,agora-ahorra-y-disfruta,1478814349,11968070016,Se reinicia constantemente,La App no funciona me pide la clave varias veces y aun asi se cierra sin aviso. No se puede operar asi. Corrijan eso 19-11-2024,1,{'label': 'Miguel_2019'},2024-11-19 14:40:34+00:00,,pe,2026-06-16T15:55:16.694950
Apple App Store,agora-ahorra-y-disfruta,1478814349,11965331847,Fallas,Ingreso a la app y me dice que ya expiró y luego que hay fallas,1,{'label': 'Lucero emperatriz'},2024-11-18 19:52:35+00:00,,pe,2026-06-16T15:55:16.694950
Apple App Store,agora-ahorra-y-disfruta,1478814349,11961822268,Desde su actualización Se cierra cada rato esta app está peor que antes y aun no se arregla,Desde su actualización Se cierra cada rato esta app está peor que antes y aun no se arregla,1,{'label': 'Luchó 9384749'},2024-11-17 20:12:32+00:00,,pe,2026-06-16T15:55:16.694950
Apple App Store,agora-ahorra-y-disfruta,1478814349,11960870614,No permite ingresar la clave,"Hace unos días se actualizó la pantalla de inicio de agora en iPhone y ahora no permite ingresar la clave porque no deja apretar ingresar la clave, ojalá lo solucionen, siempre he tenido problemas pero nunca de ingreso",1,{'label': 'GSLtac'},2024-11-17 14:59:00+00:00,,pe,2026-06-16T15:55:16.694950
Apple App Store,agora-ahorra-y-disfruta,1478814349,11954680321,Me expulsa de mi sección,Ingreso y a los 10 seg caduca mi sección y me pide ingresar de nuevo para que me diga que hubo un inconveniente. Tengo que forzar cierre para poder ingresar de nuevo por 10 seg,1,{'label': 'dayromicloud'},2024-11-16 00:43:29+00:00,,pe,2026-06-16T15:55:16.694950
Apple App Store,agora-ahorra-y-disfruta,1478814349,11954634346,Errores,Las ultimas semanas se están presentando errores constantes que piden ingresar la clave varias veces en la cuenta,3,{'label': '-Arli'},2024-11-16 00:25:37+00:00,,pe,2026-06-16T15:55:16.694950
Apple App Store,agora-ahorra-y-disfruta,1478814349,11953542309,La aplicación se cierra al presionar cualquier botón,"La aplicación se cierra al presionar cualquier botón cuando ya estás loggueado, desde hace varios días la aplicación está fallando y es imposible poder utilizarla.",2,{'label': 'Franco Enriquez'},2024-11-15 17:20:07+00:00,,pe,2026-06-16T15:55:16.694950
Apple App Store,agora-ahorra-y-disfruta,1478814349,11950718238,Pésima app,"Sinceramente me gusta muchos los servicios que ofrece por eso cuento con la tarjeta, pero la app siempre tiene problemas, la he intentado desinstalar e instalar 3 veces y siempre es igual, la app me pide clave como 5 veces y me sigue diciendo que por el momento la app no estás disponible, y tiene ya meses que es así.",1,{'label': 'Abril-27'},2024-11-14 23:12:31+00:00,,pe,2026-06-16T15:55:16.694950
Apple App Store,agora-ahorra-y-disfruta,1478814349,11950668299,Siempre tiene problemas,"Me ayuda bastante, pero la app NUNCA ES ESTABLE. Siempre sale: ALGO OCURRIÓ BLA BLA BLA, y se cierra o no funciona. Es increíble q, pasado tantos años, no puedan hacer una APP QUE NO TENGA PROBLEMAS.",3,{'label': 'Morilama'},2024-11-14 22:51:31+00:00,,pe,2026-06-16T15:55:16.694950
Apple App Store,agora-ahorra-y-disfruta,1478814349,11947494566,Problemático,El aplicativo se desconecta a cada rato. Continuamente me pide que ingrese la contraseña. Es demasiado irritante.,1,{'label': 'titorenatito'},2024-11-14 02:25:31+00:00,,pe,2026-06-16T15:55:16.694950
Apple App Store,agora-ahorra-y-disfruta,1478814349,11946611650,HORRIBLE NO CARGA NADA,.,1,{'label': 'Ldc 12'},2024-11-13 20:19:04+00:00,,pe,2026-06-16T15:55:16.694950
Apple App Store,agora-ahorra-y-disfruta,1478814349,11945218178,No se puede ingresar,Pide celular pero no hay boton u opcion para ingresar..,1,{'label': 'Shilgengar'},2024-11-13 12:28:05+00:00,,pe,2026-06-16T15:55:16.694950
Apple App Store,agora-ahorra-y-disfruta,1478814349,11943290876,Solucionar problemas,"Estaba funcionando correctamente. Hace aprox 5 días sale un mensaje de manera recurrente sobre el tiempo de conexión, te bota de tu sesión y no de permite seguir realizando operaciones. Por favor solucionar el inconveniente.",3,{'label': 'dm_cer'},2024-11-12 22:36:21+00:00,,pe,2026-06-16T15:55:16.694950
Apple App Store,agora-ahorra-y-disfruta,1478814349,11939532758,Pésimo - App con errores!,"Casa que intento hacer algo me sale error o se acaba el tiempo en la app, al ingresar la contraseña dice que hubo un error, pésima App.",1,{'label': 'Athlos R.'},2024-11-11 21:37:44+00:00,,pe,2026-06-16T15:55:16.694950
Apple App Store,agora-ahorra-y-disfruta,1478814349,11936465653,Pésimo,"La peor app de mi vida una vida para entrar, entra y sale el tiempo de conexión se acabó, y luego ya no se puede entrar peesimo",1,{'label': 'Raphemi'},2024-11-11 02:05:29+00:00,,pe,2026-06-16T15:55:16.694950
Apple App Store,agora-ahorra-y-disfruta,1478814349,11936309561,Tiene deficiencias graves,Su aplicación para iOS en iPhone es una DESGRACIA!!! muestra un mensaje todo el tiempo tras acceder que solicita reiteradamente la contraseña. Y luego de ingresarlo 3 veces dice “Algo inesperado sucedió” y procede a cerrar el aplicativo. Es irritante estar en ese círculo vicioso todo el tiempo. Rara vez funciona con normalidad. Cambien de programadores.,1,{'label': 'Rafaelo1988'},2024-11-11 00:58:44+00:00,,pe,2026-06-16T15:55:16.694950
Apple App Store,agora-ahorra-y-disfruta,1478814349,11932046787,Funcionamiento,"La aplicación es buena en si, pero su funcionamiento es terrible el sistema se cae a cada momento, cuando uno más necesita la aplicación es cuando menos funciona la app…",2,{'label': 'Lysander_iq'},2024-11-09 22:39:21+00:00,,pe,2026-06-16T15:55:16.694950
Apple App Store,agora-ahorra-y-disfruta,1478814349,11931785677,Error en aplicación,"No puedo ingresar, siempre me manda error e intente recuperar mi clave y me sale que están solucionando el problema…. Así no voy a poder cargar mis descuentos 🤦🏻‍♂️",1,{'label': 'Scheneider10'},2024-11-09 20:52:21+00:00,,pe,2026-06-16T15:55:16.694950
Apple App Store,agora-ahorra-y-disfruta,1478814349,11931586472,Malisima,"Su aplicación no le permite hacer absolutamente nada , no puedo ni retirar mi dinero",1,{'label': 'Ale26S'},2024-11-09 19:35:22+00:00,,pe,2026-06-16T15:55:16.694950
Apple App Store,agora-ahorra-y-disfruta,1478814349,11931076416,No funciona su aplicación,"Hoy descargue la aplicación , todo perfecto al registrarse pero después de que pase la cámara para el rostro y el dni se pone negro y ya no se sabe más de la aplicación por favor , solucionarlo. Encima que uno tiene que cerrar y volver a abrir la aplicación y vuelta eliminar y descargar para que pase lo mismo .",1,{'label': 'Caosinfernal666'},2024-11-09 16:42:00+00:00,,pe,2026-06-16T15:55:16.694950
Apple App Store,agora-ahorra-y-disfruta,1478814349,11924076258,Demasiada actualización,"Cada vez que intento usarla sale que existe una nueva actualización y si no acepto actualizarla en ese instante, se cierra y ya no funciona.",1,{'label': 'AndreaAntoy'},2024-11-07 20:29:05+00:00,,pe,2026-06-16T15:55:16.694950
Apple App Store,agora-ahorra-y-disfruta,1478814349,11920163230,La app no sirve para nada,sale error en todo momento y no se puede ni ingresar,1,{'label': 'Vargas7/////'},2024-11-06 18:53:17+00:00,,pe,2026-06-16T15:55:16.694950
Apple App Store,agora-ahorra-y-disfruta,1478814349,11920089493,SE CIERRA EN 6 SEGUNDOS,"Horrible entro a la app, logeo, pasan 6 segundos y se cierra, lo acabo de descargar ayer, una solución o actualización por favor. NO PUEDO HACER NADA",1,{'label': 'Josue4395'},2024-11-06 18:25:44+00:00,,pe,2026-06-16T15:55:16.694950
Apple App Store,agora-ahorra-y-disfruta,1478814349,11919373182,Se me cierra la app,"Entro y no termina ni de cargar y se cierra la aplicación, solo me pasa con esta app",2,{'label': 'Katiuska Rojas'},2024-11-06 14:22:56+00:00,,pe,2026-06-16T15:55:16.694950
Apple App Store,agora-ahorra-y-disfruta,1478814349,11919003235,Problemas para inicio,No se puede usar con IOS,1,{'label': 'Problemas para inicio'},2024-11-06 12:28:30+00:00,,pe,2026-06-16T15:55:16.694950
Apple App Store,agora-ahorra-y-disfruta,1478814349,11917440695,Error,Se cierra la app en menos de 5seg de haber entrado sin ninguna razón no sé si es porque tengo iPhone,1,{'label': 'Gianella R'},2024-11-06 01:14:33+00:00,,pe,2026-06-16T15:55:16.694950
Apple App Store,agora-ahorra-y-disfruta,1478814349,11917231686,Se cierra,La app se cierra sola,1,{'label': 'GbCristhian'},2024-11-05 23:48:38+00:00,,pe,2026-06-16T15:55:16.694950
Apple App Store,agora-ahorra-y-disfruta,1478814349,11917036740,Decepcionada,"No sé qué le pasa a la aplicación , todo estaba muy bien los primeros meses y después cuando quieres trasferir ya no quiere dar, se sale solo de la aplicación. Actualicen eso porque tengo dinero y pensé que esta app sería buena",2,{'label': 'Hdij.'},2024-11-05 22:27:17+00:00,,pe,2026-06-16T15:55:16.694950
Apple App Store,agora-ahorra-y-disfruta,1478814349,11914118731,Esta fallando la app,No se puede ingresar,1,{'label': 'Mishell1)'},2024-11-05 04:53:31+00:00,,pe,2026-06-16T15:55:16.694950
Apple App Store,agora-ahorra-y-disfruta,1478814349,11911430766,Pésimo,"A cada rato tengo que volver a ingresar mis datos, y ahora, ya no se puede ingresar porque la pantalla se cubre con el teclado numérico y luego no se puede avanzar!",1,{'label': 'Raul41079'},2024-11-04 12:27:41+00:00,,pe,2026-06-16T15:55:16.694950
Apple App Store,agora-ahorra-y-disfruta,1478814349,11910529958,El teclado no baja,"Hace 4 semanas coloque una queja sobre el inicio de app que no me deja ingresar porque luego de colocar mi numero el teclado no me deja presionar el boton de inicio de sesión, al contactar servicio al cliente me comentaron que lo reportarian y en 5 dias tendria una solucion…bueno fueron 4 semanas y sigue igual. He instalado y desintalado la app mas de 5 veces. Me parece malisimo siendo un app en el que tengo una cuenta de ahorros, ademas de utilizarla para hacer pagos y recolectar sus recompensas, que por el momento no me sirven de nada porque no puedo ni abrir el app. NO LA RECOMIENDO",1,"{'label': 'buenas ofertas, buen servicio'}",2024-11-04 06:52:56+00:00,,pe,2026-06-16T15:55:16.694950
Apple App Store,agora-ahorra-y-disfruta,1478814349,11909779949,Pésima aplicación,No puedo ingresaaaaaaaar,1,{'label': 'Eli……lnvcfukv'},2024-11-04 01:05:57+00:00,,pe,2026-06-16T15:55:16.694950
Apple App Store,agora-ahorra-y-disfruta,1478814349,11909595794,Pésima app,"Siempre que la quiero usar se borra mi acceso, no almacena recompensas y no funciona. Se pierden muchas oportunidades por su mal software en iPhones.",1,{'label': 'PeruvianGirl - Callao'},2024-11-03 23:51:04+00:00,,pe,2026-06-16T15:55:16.694950
Apple App Store,agora-ahorra-y-disfruta,1478814349,11906036725,Mal funcionamiento,"Después de unos segundo la app se cierra de forma intempestiva, no permite hacer nada.",2,{'label': 'JoseKarlos87'},2024-11-03 03:58:12+00:00,,pe,2026-06-16T15:55:16.694950
Apple App Store,agora-ahorra-y-disfruta,1478814349,11905929071,Se cierra,Estoy 30 segundo en la app y se cierra sola,3,{'label': 'Delfin Pabel'},2024-11-03 03:13:03+00:00,,pe,2026-06-16T15:55:16.694950
Apple App Store,agora-ahorra-y-disfruta,1478814349,11903914876,No funciona,Siempre me ha funcionando bien la app. Pero desde hace varios días estoy intentando ingresar y se cierra automáticamente. Veo varios comentarios y algunas personas están reportando el mismo problema.,1,{'label': 'haaaroldborbir'},2024-11-02 15:27:53+00:00,,pe,2026-06-16T15:55:16.694950
Apple App Store,agora-ahorra-y-disfruta,1478814349,11900626301,No funciona,Abro mi cuenta y se cierra automáticamente,1,{'label': 'Alinato08'},2024-11-01 19:14:24+00:00,,pe,2026-06-16T15:55:16.694950
Apple App Store,agora-ahorra-y-disfruta,1478814349,11893188604,App se Cierra,Acabo de bajarme la App de Agora y se me cierra de pronto,2,{'label': 'Raul0899'},2024-10-30 19:38:43+00:00,,pe,2026-06-16T15:55:16.694950
Apple App Store,agora-ahorra-y-disfruta,1478814349,11892199485,Errores de funcionamiento de la app.,"Intento ingresar al aplicativo y apenas ingreso a mi cuenta se cierra la aplicación. Llevo más de una semana intentando ingresar. Elimino la app, lo vuelvo a descargar y nada. Así desean tener más clientes o usuarios?",1,{'label': 'Manuel.perez1505'},2024-10-30 14:17:07+00:00,,pe,2026-06-16T15:55:16.694950
Apple App Store,agora-ahorra-y-disfruta,1478814349,11890575643,No puedo ingresar,No puedo ingresar al aplicativo me pide el número de celular pero no me deja iniciar sesión luego de colocar mi número He instalado y desinstalado el aplicativo y sigo sin ingresar,1,{'label': '.M4rg4'},2024-10-30 04:05:16+00:00,,pe,2026-06-16T15:55:16.694950
Apple App Store,agora-ahorra-y-disfruta,1478814349,11889835537,No entiendo el hate a Agora,"La app de agora es funcional en todo aspecto, me alegra ver que cambian la interfaz y mejoran el rendimiento cada trimestre. Hasta ahora no he tenido inconvenientes con problemas de transferencia. Sin embargo, me gustaría que mostrarán de primera mano que el apartado de la cuenta de ahorro sólo está disponible hasta la medianoche.",5,{'label': 'Codezzzlayer'},2024-10-29 22:58:13+00:00,,pe,2026-06-16T15:55:16.694950
Apple App Store,agora-ahorra-y-disfruta,1478814349,11881687574,Fallo al iniciar sesión,El aplicativo se cierra después de iniciar sesión de manera inesperada y esto sucede cada vez que intento ingresar a la app.,1,{'label': 'Miguelangel Contreras'},2024-10-27 17:30:52+00:00,,pe,2026-06-16T15:55:16.694950
Apple App Store,agora-ahorra-y-disfruta,1478814349,11875617999,Decepcionada,"Antes servía, ahora pongo mi contraseña, entro, selecciono algo y se sale de la App",1,{'label': 'debkimkim'},2024-10-26 04:45:36+00:00,,pe,2026-06-16T15:55:16.694950
Apple App Store,agora-ahorra-y-disfruta,1478814349,11870502218,Se cierra en 1 seg,Abro en iPhone 12 y se cierra en 1 seg después de ingresar mi clave entro y se cierra 🙁,1,{'label': 'P3l40'},2024-10-24 19:02:46+00:00,,pe,2026-06-16T15:55:16.694950
Apple App Store,agora-ahorra-y-disfruta,1478814349,11869490728,Si funciona,"Para los que tienen iPhone Deben desinstalar e instalar nuevamente Y luego apagar el celular y volver a prenderlo o reiniciarlo , así me funciono Es un poco tedioso pero ojalá se mejore",4,{'label': 'Jc23jfjdjd'},2024-10-24 13:44:43+00:00,,pe,2026-06-16T15:55:16.694950
Apple App Store,agora-ahorra-y-disfruta,1478814349,11864714876,No se puede adjuntar tarjeta de pago,No se puede adjuntar tarjeta de pago,1,{'label': 'Jxarlos'},2024-10-23 06:18:46+00:00,,pe,2026-06-16T15:55:16.694950
Apple App Store,agora-ahorra-y-disfruta,1478814349,11864639468,Mala,No puedo realizar los depósitos a la cuenta ahorro,1,{'label': '@Gaby05'},2024-10-23 05:40:02+00:00,,pe,2026-06-16T15:55:16.694950
Apple App Store,agora-ahorra-y-disfruta,1478814349,11863373823,No funciona en iPhone,Se cierra la app,1,{'label': 'Edith2024'},2024-10-22 20:05:56+00:00,,pe,2026-06-16T15:55:16.694950
Apple App Store,agora-ahorra-y-disfruta,1478814349,11862942197,MI RECARGA NO PUDO SER PROCESADA,"Hice una recarga por pago efectivo, y hasta el día de hoy no me llega mi recarga 😡😡😡",1,{'label': 'No llega la recarga'},2024-10-22 17:27:37+00:00,,pe,2026-06-16T15:55:16.694950
Apple App Store,agora-ahorra-y-disfruta,1478814349,11858963862,Pésimo,"Al entrar al app sale error en cada momento y no deja ingresar a realizar ningún movimiento, necesito solución",1,{'label': 'Carlos12carlo'},2024-10-21 15:14:02+00:00,,pe,2026-06-16T15:55:16.694950
Apple App Store,agora-ahorra-y-disfruta,1478814349,11858583010,No pasa nada ni como hacer un reclamo,"No me da opción para poder ingresar escribo el número de celular y luego ya no me da opción para ingresar, ya 3 veces volví a desinstalar e instalar y nada no me funciona",1,{'label': 'Clarisset25'},2024-10-21 13:17:07+00:00,,pe,2026-06-16T15:55:16.694950
Apple App Store,agora-ahorra-y-disfruta,1478814349,11856549503,No funciona,"No me deja abrir la app, apenas ingreso mi clave se me cierra",1,{'label': 'mariavallve'},2024-10-20 22:21:36+00:00,,pe,2026-06-16T15:55:16.694950
Apple App Store,agora-ahorra-y-disfruta,1478814349,11845774002,No deja cerrar sesión,Quiero cerrar sesión para entrar con otra cuenta y no me deja,1,{'label': 'SolidSnakeMG'},2024-10-18 02:02:41+00:00,,pe,2026-06-16T15:55:16.694950
Apple App Store,agora-ahorra-y-disfruta,1478814349,11844133788,Va mal!,"Los puntos deberían cargarse automáticamente con el DNI, abrir la app es un suplicio porque siempre falla! Más en sistemas iOS",2,{'label': 'Sir paner'},2024-10-17 15:11:39+00:00,,pe,2026-06-16T15:55:16.694950
Apple App Store,agora-ahorra-y-disfruta,1478814349,11842213949,Más veces que falla,"Son más las veces que falla vs las veces que me ha funcionado bien la app Ahora me pide poner mi número y no permite dar aceptar, retroceder o hacer acción alguna",1,{'label': 'Mamut1987'},2024-10-17 01:50:14+00:00,,pe,2026-06-16T15:55:16.694950
Apple App Store,agora-ahorra-y-disfruta,1478814349,11841855820,No me deja iniciar sesión,Después de poner mi número ya no me deja iniciar,1,{'label': 'Sunshine199916'},2024-10-16 23:07:54+00:00,,pe,2026-06-16T15:55:16.694950
Apple App Store,agora-ahorra-y-disfruta,1478814349,11841600831,Útil pero tiene problemas,"La aplicación cada cierto tiempo presenta fallas, se cierra sola constantemente casi a los minutos de usarla.",3,{'label': 'Adriana1122334400'},2024-10-16 21:11:17+00:00,,pe,2026-06-16T15:55:16.694950
Apple App Store,agora-ahorra-y-disfruta,1478814349,11838694020,La aplicación no funciona en mi iPhone,Desde que se actualizó a la última versión la aplicación no funciona en mis iPhone,1,{'label': 'K 23@'},2024-10-16 01:54:53+00:00,,pe,2026-06-16T15:55:16.694950
Apple App Store,agora-ahorra-y-disfruta,1478814349,11838303393,Fallas,"No está funcionando adecuadamente, entro al aplicativo pero me saca",1,{'label': 'BeatrizOr'},2024-10-15 23:05:46+00:00,,pe,2026-06-16T15:55:16.694950
Apple App Store,agora-ahorra-y-disfruta,1478814349,11838195742,Aplicación inestable,"Salen diversos avisos de que ocurre un inconveniente al momento de querer realizar alguna transferencia a otra entidad. Además, complican demasiado el uso de las recompensas agora, llegas a acumular una cierta cantidad y se termina venciendo debido a la dificultad de uso.",2,{'label': '//-&-//'},2024-10-15 22:17:44+00:00,,pe,2026-06-16T15:55:16.694950
Apple App Store,agora-ahorra-y-disfruta,1478814349,11834838986,No me deja acceder al poner mi número celular,No me deja acceder al poner mi número celular. La nueva actualización es un problema,1,{'label': 'Maderick 113455'},2024-10-15 00:01:02+00:00,,pe,2026-06-16T15:55:16.694950
Apple App Store,agora-ahorra-y-disfruta,1478814349,11833426454,No se puede ingresar,"Cundo ingreso mi número de celular no me permite quitar el teclado para darle la opción a colocar la contraseña, debe ser una nueva actualización, solución por favor",1,{'label': 'cukyto.bebe'},2024-10-14 15:18:02+00:00,,pe,2026-06-16T15:55:16.694950
Apple App Store,agora-ahorra-y-disfruta,1478814349,11829719824,Errores recurrentes,"Hace unos días intenté realizar una compra en un comercio, pero no se pudo debido a problemas con la entidad de agora. Lamentable. Por otro lado mi pareja, quien también tiene el app tiene problemas para yapear. El app no le permite. Cabe decir que él tiene un iphone 14. Envíen una actualización para solucionar estos errores recurrentes.",3,{'label': 'Andreilu27'},2024-10-13 15:13:12+00:00,,pe,2026-06-16T15:55:16.694950
Apple App Store,agora-ahorra-y-disfruta,1478814349,11829333057,Crash en actualización,Está haciendo crash la versión de hoy,1,{'label': 'Gabriel Vásquez León'},2024-10-13 13:21:22+00:00,,pe,2026-06-16T15:55:16.694950
Apple App Store,agora-ahorra-y-disfruta,1478814349,11827260770,No funciona con iPhone,Descargue la última actualización y no me deja entrar a mi cuenta,1,{'label': 'Sheyla Ola'},2024-10-12 23:43:29+00:00,,pe,2026-06-16T15:55:16.694950
Apple App Store,agora-ahorra-y-disfruta,1478814349,11822374479,Error,Es muy buena pero la app se cierra de l nada al momento de abrirlas y tengo que hacerlo como 10 veces para que entre recién,4,{'label': 'Cynthia Candela'},2024-10-11 16:46:31+00:00,,pe,2026-06-16T15:55:16.694950
Apple App Store,agora-ahorra-y-disfruta,1478814349,11812610406,Lentísimo,Sistema muy lento me parece pésimo.,1,{'label': 'Jenkath29'},2024-10-08 22:56:33+00:00,,pe,2026-06-16T15:55:16.694950
Apple App Store,agora-ahorra-y-disfruta,1478814349,11805831518,Una pésima aplicación,Llevo sin poder ingresar como 2 semanas porque el código no me llega a mi correo electrónico.,1,{'label': 'Eden Tello'},2024-10-07 01:12:36+00:00,,pe,2026-06-16T15:55:16.694950
Apple App Store,agora-ahorra-y-disfruta,1478814349,11794171350,No funciona,"No me permite yapear, plinear es demasiado lento",1,{'label': 'pam112324233'},2024-10-03 22:14:38+00:00,,pe,2026-06-16T15:55:16.694950
Apple App Store,agora-ahorra-y-disfruta,1478814349,11790400440,Cada vez peor,"Luego de escanear el QR en caja sale el mensaje: Tu tiempo de conexión ha vencido, y supuestamente me deberían enviar un código para continuar, pero nunca llega.",1,{'label': 'Darusen'},2024-10-02 21:50:58+00:00,,pe,2026-06-16T15:55:16.694950
Apple App Store,agora-ahorra-y-disfruta,1478814349,11783841215,No la instalen,Es una app muy lenta no la recomiendo mejoren sus servicios esta del asco,2,{'label': 'Mrbolas'},2024-10-01 04:27:27+00:00,,pe,2026-06-16T15:55:16.694950
Apple App Store,agora-ahorra-y-disfruta,1478814349,11776287864,Cambio de datos,Es muy complicado cambiar de número de celular,2,{'label': 'JP 1204'},2024-09-29 03:04:52+00:00,,pe,2026-06-16T15:55:16.694950
Apple App Store,agora-ahorra-y-disfruta,1478814349,11757338265,Muy lenta,La aplicación esta muy lenta. No puedo ver el detalle de mis cuentas. Deberían de mejorar ese aspecto.,1,{'label': 'Neurosistema'},2024-09-23 22:49:53+00:00,,pe,2026-06-16T15:55:16.694950
Apple App Store,agora-ahorra-y-disfruta,1478814349,11732552665,No me permite usarla,"Tengo iPhone y no me permite usarla, siempre consumo productos donde puedo hacer uso de Agora y por tener iPhone no funciona!!! Espero lo solucionen pronto, llevo 6 meses así.",1,{'label': 'MG703'},2024-09-17 03:22:01+00:00,,pe,2026-06-16T15:55:16.694950
Apple App Store,agora-ahorra-y-disfruta,1478814349,11730746894,Muchos errores no hay actualización para Iphone14/15,Terrible app y la respuesta de soporte no te dan solución,1,{'label': 'Martinzap'},2024-09-16 15:19:41+00:00,,pe,2026-06-16T15:55:16.694950
Apple App Store,agora-ahorra-y-disfruta,1478814349,11728976548,.,Intento cambie mi correo desde hace mucho tiempo y no puedo me kgan,1,{'label': 'Hermesddsd'},2024-09-16 02:55:33+00:00,,pe,2026-06-16T15:55:16.694950
Apple App Store,agora-ahorra-y-disfruta,1478814349,11728552369,No puedo utilizarla,"Me pide actualizar mi IOS. No whatsapp se pone tan exigente y Agora simplemente no puedo utilizar si no actualizo su versión, lo cual me exige tb actualizar IOS",1,{'label': 'FioPV'},2024-09-15 23:48:34+00:00,,pe,2026-06-16T15:55:16.694950
Apple App Store,agora-ahorra-y-disfruta,1478814349,11713434041,Falta actualización de la versión,Estoy intentando usar la la aplicación desde un iPhone pero no figura la última versión.,3,{'label': 'Gichitin'},2024-09-11 17:35:04+00:00,,pe,2026-06-16T15:55:16.694950
Apple App Store,agora-ahorra-y-disfruta,1478814349,11706306639,La financiera es de lo mejor pero la app es un horror,"No puedo cambiar mi número de teléfono de ninguna manera, intento e intento pero siempre me manda al inicio de sesión. Esperaba más de una financiera así.",2,{'label': 'Maliorita'},2024-09-09 16:05:13+00:00,,pe,2026-06-16T15:55:16.694950
Apple App Store,agora-ahorra-y-disfruta,1478814349,11683746878,Falla en el traspaso del dinero,Soy usuario de Agora desde hace 4 años y nunca tuve problema con la aplicación. Pero desde mayo de este año simplemente ya no funciona como siempre lo hizo. Ya no puedo pagar con el QR ni hacer transferencias a Yape o Plin ni pasar dinero de la alcancía. Tengo que hacer varios intentos y para que me llegue el sms de confirmación. Creo que hubo una actualización y desde ese entonces ya no me funciona. Y tengo más de 50 soles en bonificación que no puedo usar porque nunca llega dicho sms y no soy de hacer esperar a los cajeros a ver si puedo pagar con el app,1,{'label': 'Pancho892'},2024-09-03 09:25:24+00:00,,pe,2026-06-16T15:55:16.694950
Apple App Store,agora-ahorra-y-disfruta,1478814349,11682046470,No funciona,"Primero ingreso con mi celular y me dice que hay error en la clave , pongo olvide clave y me dice que el numero de celular no esta registrado, despues me registro pongo todos los datos incluso mi dni( lo cual NO deberian solicitar ya que es ilegal) y me dicen que mi dni ya esta en una cuenta. Al final no puedo ingresar que estupidez y perdida de tiempo.",1,{'label': 'quennssqueen'},2024-09-02 20:21:43+00:00,,pe,2026-06-16T15:55:16.694950
